<annotation>
	<folder>1000Lateblight晚疫病</folder>
	<filename>2487.JPG</filename>
	<path>D:\AI123\1000Lateblight晚疫病\2487.JPG</path>
	<source>
		<database>Unknown</database>
	</source>
	<size>
		<width>256</width>
		<height>256</height>
		<depth>3</depth>
	</size>
	<segmented>0</segmented>
	<object>
		<name>Lateblight</name>
		<pose>Unspecified</pose>
		<truncated>0</truncated>
		<difficult>0</difficult>
		<bndbox>
			<xmin>129</xmin>
			<ymin>91</ymin>
			<xmax>143</xmax>
			<ymax>105</ymax>
		</bndbox>
	</object>
	<object>
		<name>Lateblight</name>
		<pose>Unspecified</pose>
		<truncated>0</truncated>
		<difficult>0</difficult>
		<bndbox>
			<xmin>90</xmin>
			<ymin>114</ymin>
			<xmax>104</xmax>
			<ymax>135</ymax>
		</bndbox>
	</object>
	<object>
		<name>Lateblight</name>
		<pose>Unspecified</pose>
		<truncated>0</truncated>
		<difficult>0</difficult>
		<bndbox>
			<xmin>106</xmin>
			<ymin>119</ymin>
			<xmax>113</xmax>
			<ymax>125</ymax>
		</bndbox>
	</object>
	<object>
		<name>Lateblight</name>
		<pose>Unspecified</pose>
		<truncated>0</truncated>
		<difficult>0</difficult>
		<bndbox>
			<xmin>103</xmin>
			<ymin>163</ymin>
			<xmax>147</xmax>
			<ymax>198</ymax>
		</bndbox>
	</object>
	<object>
		<name>Lateblight</name>
		<pose>Unspecified</pose>
		<truncated>0</truncated>
		<difficult>0</difficult>
		<bndbox>
			<xmin>130</xmin>
			<ymin>153</ymin>
			<xmax>179</xmax>
			<ymax>180</ymax>
		</bndbox>
	</object>
	<object>
		<name>Lateblight</name>
		<pose>Unspecified</pose>
		<truncated>0</truncated>
		<difficult>0</difficult>
		<bndbox>
			<xmin>118</xmin>
			<ymin>141</ymin>
			<xmax>147</xmax>
			<ymax>166</ymax>
		</bndbox>
	</object>
</annotation>
