<annotation>
	<folder>1000Lateblight晚疫病</folder>
	<filename>2505.JPG</filename>
	<path>D:\AI123\1000Lateblight晚疫病\2505.JPG</path>
	<source>
		<database>Unknown</database>
	</source>
	<size>
		<width>256</width>
		<height>256</height>
		<depth>3</depth>
	</size>
	<segmented>0</segmented>
	<object>
		<name>Lateblight</name>
		<pose>Unspecified</pose>
		<truncated>0</truncated>
		<difficult>0</difficult>
		<bndbox>
			<xmin>100</xmin>
			<ymin>178</ymin>
			<xmax>158</xmax>
			<ymax>209</ymax>
		</bndbox>
	</object>
	<object>
		<name>Lateblight</name>
		<pose>Unspecified</pose>
		<truncated>0</truncated>
		<difficult>0</difficult>
		<bndbox>
			<xmin>78</xmin>
			<ymin>188</ymin>
			<xmax>103</xmax>
			<ymax>204</ymax>
		</bndbox>
	</object>
	<object>
		<name>Lateblight</name>
		<pose>Unspecified</pose>
		<truncated>0</truncated>
		<difficult>0</difficult>
		<bndbox>
			<xmin>119</xmin>
			<ymin>163</ymin>
			<xmax>141</xmax>
			<ymax>183</ymax>
		</bndbox>
	</object>
</annotation>
