<annotation>
	<folder>1000Lateblight晚疫病</folder>
	<filename>2518.jpg</filename>
	<path>D:\AI123\1000Lateblight晚疫病\2518.jpg</path>
	<source>
		<database>Unknown</database>
	</source>
	<size>
		<width>256</width>
		<height>256</height>
		<depth>3</depth>
	</size>
	<segmented>0</segmented>
	<object>
		<name>Lateblight</name>
		<pose>Unspecified</pose>
		<truncated>0</truncated>
		<difficult>0</difficult>
		<bndbox>
			<xmin>70</xmin>
			<ymin>16</ymin>
			<xmax>235</xmax>
			<ymax>133</ymax>
		</bndbox>
	</object>
	<object>
		<name>Lateblight</name>
		<pose>Unspecified</pose>
		<truncated>0</truncated>
		<difficult>0</difficult>
		<bndbox>
			<xmin>105</xmin>
			<ymin>131</ymin>
			<xmax>214</xmax>
			<ymax>156</ymax>
		</bndbox>
	</object>
	<object>
		<name>Lateblight</name>
		<pose>Unspecified</pose>
		<truncated>0</truncated>
		<difficult>0</difficult>
		<bndbox>
			<xmin>85</xmin>
			<ymin>128</ymin>
			<xmax>115</xmax>
			<ymax>141</ymax>
		</bndbox>
	</object>
</annotation>
