<annotation>
	<folder>1000Lateblight晚疫病</folder>
	<filename>2530.JPG</filename>
	<path>D:\AI123\1000Lateblight晚疫病\2530.JPG</path>
	<source>
		<database>Unknown</database>
	</source>
	<size>
		<width>256</width>
		<height>256</height>
		<depth>3</depth>
	</size>
	<segmented>0</segmented>
	<object>
		<name>Lateblight</name>
		<pose>Unspecified</pose>
		<truncated>0</truncated>
		<difficult>0</difficult>
		<bndbox>
			<xmin>87</xmin>
			<ymin>187</ymin>
			<xmax>128</xmax>
			<ymax>212</ymax>
		</bndbox>
	</object>
	<object>
		<name>Lateblight</name>
		<pose>Unspecified</pose>
		<truncated>0</truncated>
		<difficult>0</difficult>
		<bndbox>
			<xmin>99</xmin>
			<ymin>176</ymin>
			<xmax>133</xmax>
			<ymax>191</ymax>
		</bndbox>
	</object>
	<object>
		<name>Lateblight</name>
		<pose>Unspecified</pose>
		<truncated>0</truncated>
		<difficult>0</difficult>
		<bndbox>
			<xmin>122</xmin>
			<ymin>165</ymin>
			<xmax>137</xmax>
			<ymax>179</ymax>
		</bndbox>
	</object>
</annotation>
