<annotation>
	<folder>1000Lateblight晚疫病</folder>
	<filename>2531.JPG</filename>
	<path>D:\AI123\1000Lateblight晚疫病\2531.JPG</path>
	<source>
		<database>Unknown</database>
	</source>
	<size>
		<width>256</width>
		<height>256</height>
		<depth>3</depth>
	</size>
	<segmented>0</segmented>
	<object>
		<name>Lateblight</name>
		<pose>Unspecified</pose>
		<truncated>0</truncated>
		<difficult>0</difficult>
		<bndbox>
			<xmin>123</xmin>
			<ymin>187</ymin>
			<xmax>180</xmax>
			<ymax>214</ymax>
		</bndbox>
	</object>
	<object>
		<name>Lateblight</name>
		<pose>Unspecified</pose>
		<truncated>0</truncated>
		<difficult>0</difficult>
		<bndbox>
			<xmin>120</xmin>
			<ymin>165</ymin>
			<xmax>138</xmax>
			<ymax>195</ymax>
		</bndbox>
	</object>
	<object>
		<name>Lateblight</name>
		<pose>Unspecified</pose>
		<truncated>0</truncated>
		<difficult>0</difficult>
		<bndbox>
			<xmin>136</xmin>
			<ymin>172</ymin>
			<xmax>156</xmax>
			<ymax>196</ymax>
		</bndbox>
	</object>
</annotation>
