<annotation>
	<folder>1000Lateblight晚疫病</folder>
	<filename>2549.JPG</filename>
	<path>D:\AI123\1000Lateblight晚疫病\2549.JPG</path>
	<source>
		<database>Unknown</database>
	</source>
	<size>
		<width>256</width>
		<height>256</height>
		<depth>3</depth>
	</size>
	<segmented>0</segmented>
	<object>
		<name>Lateblight</name>
		<pose>Unspecified</pose>
		<truncated>0</truncated>
		<difficult>0</difficult>
		<bndbox>
			<xmin>54</xmin>
			<ymin>123</ymin>
			<xmax>128</xmax>
			<ymax>202</ymax>
		</bndbox>
	</object>
	<object>
		<name>Lateblight</name>
		<pose>Unspecified</pose>
		<truncated>0</truncated>
		<difficult>0</difficult>
		<bndbox>
			<xmin>47</xmin>
			<ymin>63</ymin>
			<xmax>82</xmax>
			<ymax>125</ymax>
		</bndbox>
	</object>
	<object>
		<name>Lateblight</name>
		<pose>Unspecified</pose>
		<truncated>0</truncated>
		<difficult>0</difficult>
		<bndbox>
			<xmin>81</xmin>
			<ymin>109</ymin>
			<xmax>107</xmax>
			<ymax>129</ymax>
		</bndbox>
	</object>
</annotation>
