<annotation>
	<folder>1000Lateblight晚疫病</folder>
	<filename>2566.JPG</filename>
	<path>D:\AI123\1000Lateblight晚疫病\2566.JPG</path>
	<source>
		<database>Unknown</database>
	</source>
	<size>
		<width>256</width>
		<height>256</height>
		<depth>3</depth>
	</size>
	<segmented>0</segmented>
	<object>
		<name>Lateblight</name>
		<pose>Unspecified</pose>
		<truncated>0</truncated>
		<difficult>0</difficult>
		<bndbox>
			<xmin>100</xmin>
			<ymin>193</ymin>
			<xmax>176</xmax>
			<ymax>222</ymax>
		</bndbox>
	</object>
	<object>
		<name>Lateblight</name>
		<pose>Unspecified</pose>
		<truncated>0</truncated>
		<difficult>0</difficult>
		<bndbox>
			<xmin>119</xmin>
			<ymin>175</ymin>
			<xmax>144</xmax>
			<ymax>200</ymax>
		</bndbox>
	</object>
</annotation>
