<annotation verified="yes">
	<folder>1000Lateblight晚疫病</folder>
	<filename>2567.JPG</filename>
	<path>D:\AI123\1000Lateblight晚疫病\2567.JPG</path>
	<source>
		<database>Unknown</database>
	</source>
	<size>
		<width>256</width>
		<height>256</height>
		<depth>3</depth>
	</size>
	<segmented>0</segmented>
	<object>
		<name>Lateblight</name>
		<pose>Unspecified</pose>
		<truncated>0</truncated>
		<difficult>0</difficult>
		<bndbox>
			<xmin>47</xmin>
			<ymin>36</ymin>
			<xmax>227</xmax>
			<ymax>138</ymax>
		</bndbox>
	</object>
	<object>
		<name>Lateblight</name>
		<pose>Unspecified</pose>
		<truncated>0</truncated>
		<difficult>0</difficult>
		<bndbox>
			<xmin>85</xmin>
			<ymin>138</ymin>
			<xmax>237</xmax>
			<ymax>214</ymax>
		</bndbox>
	</object>
</annotation>
