<annotation>
	<folder>1000Lateblight晚疫病</folder>
	<filename>2574.JPG</filename>
	<path>D:\AI123\1000Lateblight晚疫病\2574.JPG</path>
	<source>
		<database>Unknown</database>
	</source>
	<size>
		<width>256</width>
		<height>256</height>
		<depth>3</depth>
	</size>
	<segmented>0</segmented>
	<object>
		<name>Lateblight</name>
		<pose>Unspecified</pose>
		<truncated>0</truncated>
		<difficult>0</difficult>
		<bndbox>
			<xmin>49</xmin>
			<ymin>90</ymin>
			<xmax>209</xmax>
			<ymax>225</ymax>
		</bndbox>
	</object>
	<object>
		<name>Lateblight</name>
		<pose>Unspecified</pose>
		<truncated>0</truncated>
		<difficult>0</difficult>
		<bndbox>
			<xmin>117</xmin>
			<ymin>54</ymin>
			<xmax>164</xmax>
			<ymax>110</ymax>
		</bndbox>
	</object>
	<object>
		<name>Lateblight</name>
		<pose>Unspecified</pose>
		<truncated>0</truncated>
		<difficult>0</difficult>
		<bndbox>
			<xmin>76</xmin>
			<ymin>77</ymin>
			<xmax>127</xmax>
			<ymax>98</ymax>
		</bndbox>
	</object>
</annotation>
