<annotation verified="yes">
	<folder>1000Lateblight晚疫病</folder>
	<filename>2577.JPG</filename>
	<path>D:\AI123\1000Lateblight晚疫病\2577.JPG</path>
	<source>
		<database>Unknown</database>
	</source>
	<size>
		<width>256</width>
		<height>256</height>
		<depth>3</depth>
	</size>
	<segmented>0</segmented>
	<object>
		<name>Lateblight</name>
		<pose>Unspecified</pose>
		<truncated>0</truncated>
		<difficult>0</difficult>
		<bndbox>
			<xmin>85</xmin>
			<ymin>124</ymin>
			<xmax>164</xmax>
			<ymax>226</ymax>
		</bndbox>
	</object>
	<object>
		<name>Lateblight</name>
		<pose>Unspecified</pose>
		<truncated>0</truncated>
		<difficult>0</difficult>
		<bndbox>
			<xmin>131</xmin>
			<ymin>109</ymin>
			<xmax>172</xmax>
			<ymax>130</ymax>
		</bndbox>
	</object>
	<object>
		<name>Lateblight</name>
		<pose>Unspecified</pose>
		<truncated>0</truncated>
		<difficult>0</difficult>
		<bndbox>
			<xmin>137</xmin>
			<ymin>43</ymin>
			<xmax>177</xmax>
			<ymax>72</ymax>
		</bndbox>
	</object>
</annotation>
