<annotation>
	<folder>1000Lateblight晚疫病</folder>
	<filename>2605.JPG</filename>
	<path>D:\AI123\1000Lateblight晚疫病\2605.JPG</path>
	<source>
		<database>Unknown</database>
	</source>
	<size>
		<width>256</width>
		<height>256</height>
		<depth>3</depth>
	</size>
	<segmented>0</segmented>
	<object>
		<name>Lateblight</name>
		<pose>Unspecified</pose>
		<truncated>0</truncated>
		<difficult>0</difficult>
		<bndbox>
			<xmin>101</xmin>
			<ymin>192</ymin>
			<xmax>153</xmax>
			<ymax>213</ymax>
		</bndbox>
	</object>
	<object>
		<name>Lateblight</name>
		<pose>Unspecified</pose>
		<truncated>0</truncated>
		<difficult>0</difficult>
		<bndbox>
			<xmin>126</xmin>
			<ymin>183</ymin>
			<xmax>132</xmax>
			<ymax>195</ymax>
		</bndbox>
	</object>
</annotation>
