<annotation>
	<folder>1000Lateblight晚疫病</folder>
	<filename>2606.JPG</filename>
	<path>D:\AI123\1000Lateblight晚疫病\2606.JPG</path>
	<source>
		<database>Unknown</database>
	</source>
	<size>
		<width>256</width>
		<height>256</height>
		<depth>3</depth>
	</size>
	<segmented>0</segmented>
	<object>
		<name>Lateblight</name>
		<pose>Unspecified</pose>
		<truncated>0</truncated>
		<difficult>0</difficult>
		<bndbox>
			<xmin>111</xmin>
			<ymin>189</ymin>
			<xmax>150</xmax>
			<ymax>213</ymax>
		</bndbox>
	</object>
	<object>
		<name>Lateblight</name>
		<pose>Unspecified</pose>
		<truncated>0</truncated>
		<difficult>0</difficult>
		<bndbox>
			<xmin>145</xmin>
			<ymin>201</ymin>
			<xmax>157</xmax>
			<ymax>210</ymax>
		</bndbox>
	</object>
</annotation>
