<annotation>
	<folder>1000Lateblight晚疫病</folder>
	<filename>2617.JPG</filename>
	<path>D:\AI123\1000Lateblight晚疫病\2617.JPG</path>
	<source>
		<database>Unknown</database>
	</source>
	<size>
		<width>256</width>
		<height>256</height>
		<depth>3</depth>
	</size>
	<segmented>0</segmented>
	<object>
		<name>Lateblight</name>
		<pose>Unspecified</pose>
		<truncated>0</truncated>
		<difficult>0</difficult>
		<bndbox>
			<xmin>43</xmin>
			<ymin>5</ymin>
			<xmax>238</xmax>
			<ymax>252</ymax>
		</bndbox>
	</object>
</annotation>
