<annotation>
	<folder>1000Lateblight晚疫病</folder>
	<filename>2618.JPG</filename>
	<path>D:\AI123\1000Lateblight晚疫病\2618.JPG</path>
	<source>
		<database>Unknown</database>
	</source>
	<size>
		<width>256</width>
		<height>256</height>
		<depth>3</depth>
	</size>
	<segmented>0</segmented>
	<object>
		<name>Lateblight</name>
		<pose>Unspecified</pose>
		<truncated>0</truncated>
		<difficult>0</difficult>
		<bndbox>
			<xmin>111</xmin>
			<ymin>169</ymin>
			<xmax>214</xmax>
			<ymax>231</ymax>
		</bndbox>
	</object>
	<object>
		<name>Lateblight</name>
		<pose>Unspecified</pose>
		<truncated>0</truncated>
		<difficult>0</difficult>
		<bndbox>
			<xmin>134</xmin>
			<ymin>139</ymin>
			<xmax>162</xmax>
			<ymax>169</ymax>
		</bndbox>
	</object>
	<object>
		<name>Lateblight</name>
		<pose>Unspecified</pose>
		<truncated>0</truncated>
		<difficult>0</difficult>
		<bndbox>
			<xmin>121</xmin>
			<ymin>152</ymin>
			<xmax>215</xmax>
			<ymax>186</ymax>
		</bndbox>
	</object>
	<object>
		<name>Lateblight</name>
		<pose>Unspecified</pose>
		<truncated>0</truncated>
		<difficult>0</difficult>
		<bndbox>
			<xmin>206</xmin>
			<ymin>124</ymin>
			<xmax>237</xmax>
			<ymax>137</ymax>
		</bndbox>
	</object>
</annotation>
