<annotation>
	<folder>1000Lateblight晚疫病</folder>
	<filename>2665.JPG</filename>
	<path>D:\AI123\1000Lateblight晚疫病\2665.JPG</path>
	<source>
		<database>Unknown</database>
	</source>
	<size>
		<width>256</width>
		<height>256</height>
		<depth>3</depth>
	</size>
	<segmented>0</segmented>
	<object>
		<name>Lateblight</name>
		<pose>Unspecified</pose>
		<truncated>0</truncated>
		<difficult>0</difficult>
		<bndbox>
			<xmin>96</xmin>
			<ymin>210</ymin>
			<xmax>143</xmax>
			<ymax>232</ymax>
		</bndbox>
	</object>
	<object>
		<name>Lateblight</name>
		<pose>Unspecified</pose>
		<truncated>0</truncated>
		<difficult>0</difficult>
		<bndbox>
			<xmin>116</xmin>
			<ymin>201</ymin>
			<xmax>137</xmax>
			<ymax>215</ymax>
		</bndbox>
	</object>
</annotation>
