<annotation>
	<folder>1000Lateblight晚疫病</folder>
	<filename>2675.JPG</filename>
	<path>D:\AI123\1000Lateblight晚疫病\2675.JPG</path>
	<source>
		<database>Unknown</database>
	</source>
	<size>
		<width>256</width>
		<height>256</height>
		<depth>3</depth>
	</size>
	<segmented>0</segmented>
	<object>
		<name>Lateblight</name>
		<pose>Unspecified</pose>
		<truncated>0</truncated>
		<difficult>0</difficult>
		<bndbox>
			<xmin>114</xmin>
			<ymin>169</ymin>
			<xmax>196</xmax>
			<ymax>233</ymax>
		</bndbox>
	</object>
	<object>
		<name>Lateblight</name>
		<pose>Unspecified</pose>
		<truncated>0</truncated>
		<difficult>0</difficult>
		<bndbox>
			<xmin>146</xmin>
			<ymin>149</ymin>
			<xmax>161</xmax>
			<ymax>176</ymax>
		</bndbox>
	</object>
</annotation>
