<annotation>
	<folder>1000Lateblight晚疫病</folder>
	<filename>2676.JPG</filename>
	<path>D:\AI123\1000Lateblight晚疫病\2676.JPG</path>
	<source>
		<database>Unknown</database>
	</source>
	<size>
		<width>256</width>
		<height>256</height>
		<depth>3</depth>
	</size>
	<segmented>0</segmented>
	<object>
		<name>Lateblight</name>
		<pose>Unspecified</pose>
		<truncated>0</truncated>
		<difficult>0</difficult>
		<bndbox>
			<xmin>64</xmin>
			<ymin>175</ymin>
			<xmax>164</xmax>
			<ymax>225</ymax>
		</bndbox>
	</object>
	<object>
		<name>Lateblight</name>
		<pose>Unspecified</pose>
		<truncated>0</truncated>
		<difficult>0</difficult>
		<bndbox>
			<xmin>95</xmin>
			<ymin>160</ymin>
			<xmax>133</xmax>
			<ymax>181</ymax>
		</bndbox>
	</object>
</annotation>
