<annotation>
	<folder>1000Lateblight晚疫病</folder>
	<filename>2680.JPG</filename>
	<path>D:\AI123\1000Lateblight晚疫病\2680.JPG</path>
	<source>
		<database>Unknown</database>
	</source>
	<size>
		<width>256</width>
		<height>256</height>
		<depth>3</depth>
	</size>
	<segmented>0</segmented>
	<object>
		<name>Lateblight</name>
		<pose>Unspecified</pose>
		<truncated>0</truncated>
		<difficult>0</difficult>
		<bndbox>
			<xmin>21</xmin>
			<ymin>13</ymin>
			<xmax>211</xmax>
			<ymax>177</ymax>
		</bndbox>
	</object>
	<object>
		<name>Lateblight</name>
		<pose>Unspecified</pose>
		<truncated>0</truncated>
		<difficult>0</difficult>
		<bndbox>
			<xmin>61</xmin>
			<ymin>179</ymin>
			<xmax>126</xmax>
			<ymax>195</ymax>
		</bndbox>
	</object>
	<object>
		<name>Lateblight</name>
		<pose>Unspecified</pose>
		<truncated>0</truncated>
		<difficult>0</difficult>
		<bndbox>
			<xmin>160</xmin>
			<ymin>185</ymin>
			<xmax>185</xmax>
			<ymax>202</ymax>
		</bndbox>
	</object>
	<object>
		<name>Lateblight</name>
		<pose>Unspecified</pose>
		<truncated>0</truncated>
		<difficult>0</difficult>
		<bndbox>
			<xmin>209</xmin>
			<ymin>149</ymin>
			<xmax>228</xmax>
			<ymax>176</ymax>
		</bndbox>
	</object>
	<object>
		<name>Lateblight</name>
		<pose>Unspecified</pose>
		<truncated>0</truncated>
		<difficult>0</difficult>
		<bndbox>
			<xmin>158</xmin>
			<ymin>222</ymin>
			<xmax>180</xmax>
			<ymax>241</ymax>
		</bndbox>
	</object>
	<object>
		<name>Lateblight</name>
		<pose>Unspecified</pose>
		<truncated>0</truncated>
		<difficult>0</difficult>
		<bndbox>
			<xmin>176</xmin>
			<ymin>230</ymin>
			<xmax>206</xmax>
			<ymax>243</ymax>
		</bndbox>
	</object>
</annotation>
