<annotation>
	<folder>1000Lateblight晚疫病</folder>
	<filename>2684.JPG</filename>
	<path>D:\AI123\1000Lateblight晚疫病\2684.JPG</path>
	<source>
		<database>Unknown</database>
	</source>
	<size>
		<width>256</width>
		<height>256</height>
		<depth>3</depth>
	</size>
	<segmented>0</segmented>
	<object>
		<name>Lateblight</name>
		<pose>Unspecified</pose>
		<truncated>0</truncated>
		<difficult>0</difficult>
		<bndbox>
			<xmin>107</xmin>
			<ymin>61</ymin>
			<xmax>184</xmax>
			<ymax>200</ymax>
		</bndbox>
	</object>
	<object>
		<name>Lateblight</name>
		<pose>Unspecified</pose>
		<truncated>0</truncated>
		<difficult>0</difficult>
		<bndbox>
			<xmin>98</xmin>
			<ymin>100</ymin>
			<xmax>112</xmax>
			<ymax>137</ymax>
		</bndbox>
	</object>
</annotation>
