<annotation>
	<folder>1000Lateblight晚疫病</folder>
	<filename>2687.JPG</filename>
	<path>D:\AI123\1000Lateblight晚疫病\2687.JPG</path>
	<source>
		<database>Unknown</database>
	</source>
	<size>
		<width>256</width>
		<height>256</height>
		<depth>3</depth>
	</size>
	<segmented>0</segmented>
	<object>
		<name>Lateblight</name>
		<pose>Unspecified</pose>
		<truncated>0</truncated>
		<difficult>0</difficult>
		<bndbox>
			<xmin>161</xmin>
			<ymin>109</ymin>
			<xmax>198</xmax>
			<ymax>147</ymax>
		</bndbox>
	</object>
	<object>
		<name>Lateblight</name>
		<pose>Unspecified</pose>
		<truncated>0</truncated>
		<difficult>0</difficult>
		<bndbox>
			<xmin>130</xmin>
			<ymin>185</ymin>
			<xmax>158</xmax>
			<ymax>207</ymax>
		</bndbox>
	</object>
	<object>
		<name>Lateblight</name>
		<pose>Unspecified</pose>
		<truncated>0</truncated>
		<difficult>0</difficult>
		<bndbox>
			<xmin>178</xmin>
			<ymin>19</ymin>
			<xmax>192</xmax>
			<ymax>31</ymax>
		</bndbox>
	</object>
</annotation>
