<annotation>
	<folder>1000Lateblight晚疫病</folder>
	<filename>2689.JPG</filename>
	<path>D:\AI123\1000Lateblight晚疫病\2689.JPG</path>
	<source>
		<database>Unknown</database>
	</source>
	<size>
		<width>256</width>
		<height>256</height>
		<depth>3</depth>
	</size>
	<segmented>0</segmented>
	<object>
		<name>Lateblight</name>
		<pose>Unspecified</pose>
		<truncated>0</truncated>
		<difficult>0</difficult>
		<bndbox>
			<xmin>79</xmin>
			<ymin>5</ymin>
			<xmax>137</xmax>
			<ymax>229</ymax>
		</bndbox>
	</object>
	<object>
		<name>Lateblight</name>
		<pose>Unspecified</pose>
		<truncated>0</truncated>
		<difficult>0</difficult>
		<bndbox>
			<xmin>134</xmin>
			<ymin>86</ymin>
			<xmax>151</xmax>
			<ymax>179</ymax>
		</bndbox>
	</object>
	<object>
		<name>Lateblight</name>
		<pose>Unspecified</pose>
		<truncated>0</truncated>
		<difficult>0</difficult>
		<bndbox>
			<xmin>144</xmin>
			<ymin>151</ymin>
			<xmax>169</xmax>
			<ymax>171</ymax>
		</bndbox>
	</object>
</annotation>
