<annotation>
	<folder>1000Lateblight晚疫病</folder>
	<filename>2691.JPG</filename>
	<path>D:\AI123\1000Lateblight晚疫病\2691.JPG</path>
	<source>
		<database>Unknown</database>
	</source>
	<size>
		<width>256</width>
		<height>256</height>
		<depth>3</depth>
	</size>
	<segmented>0</segmented>
	<object>
		<name>Lateblight</name>
		<pose>Unspecified</pose>
		<truncated>0</truncated>
		<difficult>0</difficult>
		<bndbox>
			<xmin>105</xmin>
			<ymin>161</ymin>
			<xmax>203</xmax>
			<ymax>218</ymax>
		</bndbox>
	</object>
	<object>
		<name>Lateblight</name>
		<pose>Unspecified</pose>
		<truncated>0</truncated>
		<difficult>0</difficult>
		<bndbox>
			<xmin>133</xmin>
			<ymin>146</ymin>
			<xmax>185</xmax>
			<ymax>173</ymax>
		</bndbox>
	</object>
</annotation>
