<annotation>
	<folder>1000Leafmold叶霉病</folder>
	<filename>3368.JPG</filename>
	<path>C:\20223870\叶霉病\1000Leafmold叶霉病\3368.JPG</path>
	<source>
		<database>Unknown</database>
	</source>
	<size>
		<width>256</width>
		<height>256</height>
		<depth>3</depth>
	</size>
	<segmented>0</segmented>
	<object>
		<name>Leafmold</name>
		<pose>Unspecified</pose>
		<truncated>0</truncated>
		<difficult>0</difficult>
		<bndbox>
			<xmin>131</xmin>
			<ymin>85</ymin>
			<xmax>160</xmax>
			<ymax>105</ymax>
		</bndbox>
	</object>
	<object>
		<name>Leafmold</name>
		<pose>Unspecified</pose>
		<truncated>0</truncated>
		<difficult>0</difficult>
		<bndbox>
			<xmin>152</xmin>
			<ymin>44</ymin>
			<xmax>176</xmax>
			<ymax>69</ymax>
		</bndbox>
	</object>
</annotation>
