<annotation>
	<folder>1000Leafmold叶霉病</folder>
	<filename>3369.JPG</filename>
	<path>C:\20223870\叶霉病\1000Leafmold叶霉病\3369.JPG</path>
	<source>
		<database>Unknown</database>
	</source>
	<size>
		<width>256</width>
		<height>256</height>
		<depth>3</depth>
	</size>
	<segmented>0</segmented>
	<object>
		<name>Leafmold</name>
		<pose>Unspecified</pose>
		<truncated>0</truncated>
		<difficult>0</difficult>
		<bndbox>
			<xmin>98</xmin>
			<ymin>150</ymin>
			<xmax>125</xmax>
			<ymax>170</ymax>
		</bndbox>
	</object>
	<object>
		<name>Leafmold</name>
		<pose>Unspecified</pose>
		<truncated>0</truncated>
		<difficult>0</difficult>
		<bndbox>
			<xmin>81</xmin>
			<ymin>193</ymin>
			<xmax>104</xmax>
			<ymax>212</ymax>
		</bndbox>
	</object>
</annotation>
