<annotation>
	<folder>1000Leafmold叶霉病</folder>
	<filename>3372.JPG</filename>
	<path>C:\20223870\叶霉病\1000Leafmold叶霉病\3372.JPG</path>
	<source>
		<database>Unknown</database>
	</source>
	<size>
		<width>256</width>
		<height>256</height>
		<depth>3</depth>
	</size>
	<segmented>0</segmented>
	<object>
		<name>Leafmold</name>
		<pose>Unspecified</pose>
		<truncated>0</truncated>
		<difficult>0</difficult>
		<bndbox>
			<xmin>53</xmin>
			<ymin>26</ymin>
			<xmax>62</xmax>
			<ymax>42</ymax>
		</bndbox>
	</object>
	<object>
		<name>Leafmold</name>
		<pose>Unspecified</pose>
		<truncated>0</truncated>
		<difficult>0</difficult>
		<bndbox>
			<xmin>65</xmin>
			<ymin>31</ymin>
			<xmax>74</xmax>
			<ymax>44</ymax>
		</bndbox>
	</object>
	<object>
		<name>Leafmold</name>
		<pose>Unspecified</pose>
		<truncated>0</truncated>
		<difficult>0</difficult>
		<bndbox>
			<xmin>71</xmin>
			<ymin>45</ymin>
			<xmax>93</xmax>
			<ymax>56</ymax>
		</bndbox>
	</object>
	<object>
		<name>Leafmold</name>
		<pose>Unspecified</pose>
		<truncated>0</truncated>
		<difficult>0</difficult>
		<bndbox>
			<xmin>47</xmin>
			<ymin>48</ymin>
			<xmax>59</xmax>
			<ymax>55</ymax>
		</bndbox>
	</object>
	<object>
		<name>Leafmold</name>
		<pose>Unspecified</pose>
		<truncated>0</truncated>
		<difficult>0</difficult>
		<bndbox>
			<xmin>46</xmin>
			<ymin>61</ymin>
			<xmax>63</xmax>
			<ymax>80</ymax>
		</bndbox>
	</object>
	<object>
		<name>Leafmold</name>
		<pose>Unspecified</pose>
		<truncated>0</truncated>
		<difficult>0</difficult>
		<bndbox>
			<xmin>82</xmin>
			<ymin>58</ymin>
			<xmax>99</xmax>
			<ymax>82</ymax>
		</bndbox>
	</object>
	<object>
		<name>Leafmold</name>
		<pose>Unspecified</pose>
		<truncated>0</truncated>
		<difficult>0</difficult>
		<bndbox>
			<xmin>57</xmin>
			<ymin>94</ymin>
			<xmax>70</xmax>
			<ymax>101</ymax>
		</bndbox>
	</object>
	<object>
		<name>Leafmold</name>
		<pose>Unspecified</pose>
		<truncated>0</truncated>
		<difficult>0</difficult>
		<bndbox>
			<xmin>58</xmin>
			<ymin>105</ymin>
			<xmax>72</xmax>
			<ymax>113</ymax>
		</bndbox>
	</object>
	<object>
		<name>Leafmold</name>
		<pose>Unspecified</pose>
		<truncated>0</truncated>
		<difficult>0</difficult>
		<bndbox>
			<xmin>75</xmin>
			<ymin>106</ymin>
			<xmax>104</xmax>
			<ymax>126</ymax>
		</bndbox>
	</object>
	<object>
		<name>Leafmold</name>
		<pose>Unspecified</pose>
		<truncated>0</truncated>
		<difficult>0</difficult>
		<bndbox>
			<xmin>103</xmin>
			<ymin>82</ymin>
			<xmax>114</xmax>
			<ymax>89</ymax>
		</bndbox>
	</object>
	<object>
		<name>Leafmold</name>
		<pose>Unspecified</pose>
		<truncated>0</truncated>
		<difficult>0</difficult>
		<bndbox>
			<xmin>84</xmin>
			<ymin>88</ymin>
			<xmax>98</xmax>
			<ymax>95</ymax>
		</bndbox>
	</object>
	<object>
		<name>Leafmold</name>
		<pose>Unspecified</pose>
		<truncated>0</truncated>
		<difficult>0</difficult>
		<bndbox>
			<xmin>127</xmin>
			<ymin>172</ymin>
			<xmax>139</xmax>
			<ymax>189</ymax>
		</bndbox>
	</object>
	<object>
		<name>Leafmold</name>
		<pose>Unspecified</pose>
		<truncated>0</truncated>
		<difficult>0</difficult>
		<bndbox>
			<xmin>132</xmin>
			<ymin>192</ymin>
			<xmax>140</xmax>
			<ymax>200</ymax>
		</bndbox>
	</object>
	<object>
		<name>Leafmold</name>
		<pose>Unspecified</pose>
		<truncated>0</truncated>
		<difficult>0</difficult>
		<bndbox>
			<xmin>211</xmin>
			<ymin>186</ymin>
			<xmax>236</xmax>
			<ymax>198</ymax>
		</bndbox>
	</object>
	<object>
		<name>Leafmold</name>
		<pose>Unspecified</pose>
		<truncated>0</truncated>
		<difficult>0</difficult>
		<bndbox>
			<xmin>231</xmin>
			<ymin>162</ymin>
			<xmax>240</xmax>
			<ymax>169</ymax>
		</bndbox>
	</object>
	<object>
		<name>Leafmold</name>
		<pose>Unspecified</pose>
		<truncated>0</truncated>
		<difficult>0</difficult>
		<bndbox>
			<xmin>146</xmin>
			<ymin>112</ymin>
			<xmax>155</xmax>
			<ymax>123</ymax>
		</bndbox>
	</object>
	<object>
		<name>Leafmold</name>
		<pose>Unspecified</pose>
		<truncated>0</truncated>
		<difficult>0</difficult>
		<bndbox>
			<xmin>192</xmin>
			<ymin>148</ymin>
			<xmax>201</xmax>
			<ymax>164</ymax>
		</bndbox>
	</object>
	<object>
		<name>Leafmold</name>
		<pose>Unspecified</pose>
		<truncated>0</truncated>
		<difficult>0</difficult>
		<bndbox>
			<xmin>226</xmin>
			<ymin>149</ymin>
			<xmax>232</xmax>
			<ymax>153</ymax>
		</bndbox>
	</object>
	<object>
		<name>Leafmold</name>
		<pose>Unspecified</pose>
		<truncated>0</truncated>
		<difficult>0</difficult>
		<bndbox>
			<xmin>127</xmin>
			<ymin>81</ymin>
			<xmax>135</xmax>
			<ymax>86</ymax>
		</bndbox>
	</object>
</annotation>
