<annotation>
	<folder>1000Leafmold叶霉病</folder>
	<filename>3382.JPG</filename>
	<path>C:\20223870\叶霉病\1000Leafmold叶霉病\3382.JPG</path>
	<source>
		<database>Unknown</database>
	</source>
	<size>
		<width>256</width>
		<height>256</height>
		<depth>3</depth>
	</size>
	<segmented>0</segmented>
	<object>
		<name>Leafmold</name>
		<pose>Unspecified</pose>
		<truncated>0</truncated>
		<difficult>0</difficult>
		<bndbox>
			<xmin>81</xmin>
			<ymin>121</ymin>
			<xmax>92</xmax>
			<ymax>141</ymax>
		</bndbox>
	</object>
	<object>
		<name>Leafmold</name>
		<pose>Unspecified</pose>
		<truncated>0</truncated>
		<difficult>0</difficult>
		<bndbox>
			<xmin>68</xmin>
			<ymin>91</ymin>
			<xmax>77</xmax>
			<ymax>104</ymax>
		</bndbox>
	</object>
	<object>
		<name>Leafmold</name>
		<pose>Unspecified</pose>
		<truncated>0</truncated>
		<difficult>0</difficult>
		<bndbox>
			<xmin>81</xmin>
			<ymin>88</ymin>
			<xmax>92</xmax>
			<ymax>100</ymax>
		</bndbox>
	</object>
	<object>
		<name>Leafmold</name>
		<pose>Unspecified</pose>
		<truncated>0</truncated>
		<difficult>0</difficult>
		<bndbox>
			<xmin>93</xmin>
			<ymin>98</ymin>
			<xmax>105</xmax>
			<ymax>124</ymax>
		</bndbox>
	</object>
	<object>
		<name>Leafmold</name>
		<pose>Unspecified</pose>
		<truncated>0</truncated>
		<difficult>0</difficult>
		<bndbox>
			<xmin>105</xmin>
			<ymin>106</ymin>
			<xmax>117</xmax>
			<ymax>125</ymax>
		</bndbox>
	</object>
	<object>
		<name>Leafmold</name>
		<pose>Unspecified</pose>
		<truncated>0</truncated>
		<difficult>0</difficult>
		<bndbox>
			<xmin>124</xmin>
			<ymin>119</ymin>
			<xmax>134</xmax>
			<ymax>134</ymax>
		</bndbox>
	</object>
	<object>
		<name>Leafmold</name>
		<pose>Unspecified</pose>
		<truncated>0</truncated>
		<difficult>0</difficult>
		<bndbox>
			<xmin>134</xmin>
			<ymin>134</ymin>
			<xmax>149</xmax>
			<ymax>161</ymax>
		</bndbox>
	</object>
	<object>
		<name>Leafmold</name>
		<pose>Unspecified</pose>
		<truncated>0</truncated>
		<difficult>0</difficult>
		<bndbox>
			<xmin>152</xmin>
			<ymin>148</ymin>
			<xmax>164</xmax>
			<ymax>176</ymax>
		</bndbox>
	</object>
</annotation>
