<annotation>
	<folder>1000Leafmold叶霉病</folder>
	<filename>3392.JPG</filename>
	<path>C:\20223870\叶霉病\1000Leafmold叶霉病\3392.JPG</path>
	<source>
		<database>Unknown</database>
	</source>
	<size>
		<width>256</width>
		<height>256</height>
		<depth>3</depth>
	</size>
	<segmented>0</segmented>
	<object>
		<name>Leafmold</name>
		<pose>Unspecified</pose>
		<truncated>0</truncated>
		<difficult>0</difficult>
		<bndbox>
			<xmin>179</xmin>
			<ymin>64</ymin>
			<xmax>193</xmax>
			<ymax>73</ymax>
		</bndbox>
	</object>
	<object>
		<name>Leafmold</name>
		<pose>Unspecified</pose>
		<truncated>0</truncated>
		<difficult>0</difficult>
		<bndbox>
			<xmin>185</xmin>
			<ymin>47</ymin>
			<xmax>199</xmax>
			<ymax>52</ymax>
		</bndbox>
	</object>
</annotation>
