<annotation>
	<folder>1000Leafmold叶霉病</folder>
	<filename>3399.JPG</filename>
	<path>C:\20223870\叶霉病\1000Leafmold叶霉病\3399.JPG</path>
	<source>
		<database>Unknown</database>
	</source>
	<size>
		<width>256</width>
		<height>256</height>
		<depth>3</depth>
	</size>
	<segmented>0</segmented>
	<object>
		<name>Leafmold</name>
		<pose>Unspecified</pose>
		<truncated>0</truncated>
		<difficult>0</difficult>
		<bndbox>
			<xmin>140</xmin>
			<ymin>96</ymin>
			<xmax>151</xmax>
			<ymax>111</ymax>
		</bndbox>
	</object>
	<object>
		<name>Leafmold</name>
		<pose>Unspecified</pose>
		<truncated>0</truncated>
		<difficult>0</difficult>
		<bndbox>
			<xmin>134</xmin>
			<ymin>114</ymin>
			<xmax>142</xmax>
			<ymax>132</ymax>
		</bndbox>
	</object>
</annotation>
