<annotation>
	<folder>1000Leafmold叶霉病</folder>
	<filename>3400.JPG</filename>
	<path>C:\20223870\叶霉病\1000Leafmold叶霉病\3400.JPG</path>
	<source>
		<database>Unknown</database>
	</source>
	<size>
		<width>256</width>
		<height>256</height>
		<depth>3</depth>
	</size>
	<segmented>0</segmented>
	<object>
		<name>Leafmold</name>
		<pose>Unspecified</pose>
		<truncated>0</truncated>
		<difficult>0</difficult>
		<bndbox>
			<xmin>132</xmin>
			<ymin>124</ymin>
			<xmax>143</xmax>
			<ymax>140</ymax>
		</bndbox>
	</object>
	<object>
		<name>Leafmold</name>
		<pose>Unspecified</pose>
		<truncated>0</truncated>
		<difficult>0</difficult>
		<bndbox>
			<xmin>140</xmin>
			<ymin>142</ymin>
			<xmax>151</xmax>
			<ymax>159</ymax>
		</bndbox>
	</object>
</annotation>
