<annotation>
	<folder>1000Leafmold叶霉病</folder>
	<filename>3431.JPG</filename>
	<path>C:\20223870\叶霉病\1000Leafmold叶霉病\3431.JPG</path>
	<source>
		<database>Unknown</database>
	</source>
	<size>
		<width>256</width>
		<height>256</height>
		<depth>3</depth>
	</size>
	<segmented>0</segmented>
	<object>
		<name>Leafmold</name>
		<pose>Unspecified</pose>
		<truncated>0</truncated>
		<difficult>0</difficult>
		<bndbox>
			<xmin>55</xmin>
			<ymin>37</ymin>
			<xmax>83</xmax>
			<ymax>61</ymax>
		</bndbox>
	</object>
	<object>
		<name>Leafmold</name>
		<pose>Unspecified</pose>
		<truncated>0</truncated>
		<difficult>0</difficult>
		<bndbox>
			<xmin>92</xmin>
			<ymin>74</ymin>
			<xmax>117</xmax>
			<ymax>93</ymax>
		</bndbox>
	</object>
</annotation>
