<annotation>
	<folder>1000Leafmold叶霉病</folder>
	<filename>3444.JPG</filename>
	<path>C:\20223870\叶霉病\1000Leafmold叶霉病\3444.JPG</path>
	<source>
		<database>Unknown</database>
	</source>
	<size>
		<width>256</width>
		<height>256</height>
		<depth>3</depth>
	</size>
	<segmented>0</segmented>
	<object>
		<name>Leafmold</name>
		<pose>Unspecified</pose>
		<truncated>0</truncated>
		<difficult>0</difficult>
		<bndbox>
			<xmin>47</xmin>
			<ymin>130</ymin>
			<xmax>58</xmax>
			<ymax>139</ymax>
		</bndbox>
	</object>
	<object>
		<name>Leafmold</name>
		<pose>Unspecified</pose>
		<truncated>0</truncated>
		<difficult>0</difficult>
		<bndbox>
			<xmin>124</xmin>
			<ymin>109</ymin>
			<xmax>133</xmax>
			<ymax>123</ymax>
		</bndbox>
	</object>
	<object>
		<name>Leafmold</name>
		<pose>Unspecified</pose>
		<truncated>0</truncated>
		<difficult>0</difficult>
		<bndbox>
			<xmin>139</xmin>
			<ymin>81</ymin>
			<xmax>148</xmax>
			<ymax>91</ymax>
		</bndbox>
	</object>
	<object>
		<name>Leafmold</name>
		<pose>Unspecified</pose>
		<truncated>0</truncated>
		<difficult>0</difficult>
		<bndbox>
			<xmin>140</xmin>
			<ymin>98</ymin>
			<xmax>153</xmax>
			<ymax>106</ymax>
		</bndbox>
	</object>
	<object>
		<name>Leafmold</name>
		<pose>Unspecified</pose>
		<truncated>0</truncated>
		<difficult>0</difficult>
		<bndbox>
			<xmin>139</xmin>
			<ymin>123</ymin>
			<xmax>152</xmax>
			<ymax>131</ymax>
		</bndbox>
	</object>
	<object>
		<name>Leafmold</name>
		<pose>Unspecified</pose>
		<truncated>0</truncated>
		<difficult>0</difficult>
		<bndbox>
			<xmin>97</xmin>
			<ymin>140</ymin>
			<xmax>113</xmax>
			<ymax>155</ymax>
		</bndbox>
	</object>
	<object>
		<name>Leafmold</name>
		<pose>Unspecified</pose>
		<truncated>0</truncated>
		<difficult>0</difficult>
		<bndbox>
			<xmin>111</xmin>
			<ymin>129</ymin>
			<xmax>119</xmax>
			<ymax>138</ymax>
		</bndbox>
	</object>
	<object>
		<name>Leafmold</name>
		<pose>Unspecified</pose>
		<truncated>0</truncated>
		<difficult>0</difficult>
		<bndbox>
			<xmin>115</xmin>
			<ymin>156</ymin>
			<xmax>129</xmax>
			<ymax>168</ymax>
		</bndbox>
	</object>
	<object>
		<name>Leafmold</name>
		<pose>Unspecified</pose>
		<truncated>0</truncated>
		<difficult>0</difficult>
		<bndbox>
			<xmin>45</xmin>
			<ymin>191</ymin>
			<xmax>59</xmax>
			<ymax>200</ymax>
		</bndbox>
	</object>
	<object>
		<name>Leafmold</name>
		<pose>Unspecified</pose>
		<truncated>0</truncated>
		<difficult>0</difficult>
		<bndbox>
			<xmin>94</xmin>
			<ymin>229</ymin>
			<xmax>107</xmax>
			<ymax>236</ymax>
		</bndbox>
	</object>
</annotation>
