<annotation>
	<folder>1000Leafmold叶霉病</folder>
	<filename>3469.JPG</filename>
	<path>C:\20223870\叶霉病\1000Leafmold叶霉病\3469.JPG</path>
	<source>
		<database>Unknown</database>
	</source>
	<size>
		<width>256</width>
		<height>256</height>
		<depth>3</depth>
	</size>
	<segmented>0</segmented>
	<object>
		<name>Leafmold</name>
		<pose>Unspecified</pose>
		<truncated>0</truncated>
		<difficult>0</difficult>
		<bndbox>
			<xmin>126</xmin>
			<ymin>153</ymin>
			<xmax>158</xmax>
			<ymax>191</ymax>
		</bndbox>
	</object>
</annotation>
