<annotation>
	<folder>1000Leafmold叶霉病</folder>
	<filename>3470.JPG</filename>
	<path>C:\20223870\叶霉病\1000Leafmold叶霉病\3470.JPG</path>
	<source>
		<database>Unknown</database>
	</source>
	<size>
		<width>256</width>
		<height>256</height>
		<depth>3</depth>
	</size>
	<segmented>0</segmented>
	<object>
		<name>Leafmold</name>
		<pose>Unspecified</pose>
		<truncated>0</truncated>
		<difficult>0</difficult>
		<bndbox>
			<xmin>98</xmin>
			<ymin>63</ymin>
			<xmax>131</xmax>
			<ymax>100</ymax>
		</bndbox>
	</object>
</annotation>
