<annotation>
	<folder>1000Leafmold叶霉病</folder>
	<filename>3471.JPG</filename>
	<path>C:\20223870\叶霉病\1000Leafmold叶霉病\3471.JPG</path>
	<source>
		<database>Unknown</database>
	</source>
	<size>
		<width>256</width>
		<height>256</height>
		<depth>3</depth>
	</size>
	<segmented>0</segmented>
	<object>
		<name>Leafmold</name>
		<pose>Unspecified</pose>
		<truncated>0</truncated>
		<difficult>0</difficult>
		<bndbox>
			<xmin>121</xmin>
			<ymin>60</ymin>
			<xmax>156</xmax>
			<ymax>97</ymax>
		</bndbox>
	</object>
</annotation>
