<annotation>
	<folder>1000Leafmold叶霉病</folder>
	<filename>3499.JPG</filename>
	<path>C:\20223870\叶霉病\1000Leafmold叶霉病\3499.JPG</path>
	<source>
		<database>Unknown</database>
	</source>
	<size>
		<width>256</width>
		<height>256</height>
		<depth>3</depth>
	</size>
	<segmented>0</segmented>
	<object>
		<name>Leafmold</name>
		<pose>Unspecified</pose>
		<truncated>0</truncated>
		<difficult>0</difficult>
		<bndbox>
			<xmin>144</xmin>
			<ymin>118</ymin>
			<xmax>157</xmax>
			<ymax>127</ymax>
		</bndbox>
	</object>
	<object>
		<name>Leafmold</name>
		<pose>Unspecified</pose>
		<truncated>0</truncated>
		<difficult>0</difficult>
		<bndbox>
			<xmin>106</xmin>
			<ymin>182</ymin>
			<xmax>128</xmax>
			<ymax>195</ymax>
		</bndbox>
	</object>
</annotation>
