<annotation>
	<folder>1000Leafmold叶霉病</folder>
	<filename>3528.JPG</filename>
	<path>C:\20223870\叶霉病\1000Leafmold叶霉病\3528.JPG</path>
	<source>
		<database>Unknown</database>
	</source>
	<size>
		<width>256</width>
		<height>256</height>
		<depth>3</depth>
	</size>
	<segmented>0</segmented>
	<object>
		<name>Leafmold</name>
		<pose>Unspecified</pose>
		<truncated>0</truncated>
		<difficult>0</difficult>
		<bndbox>
			<xmin>144</xmin>
			<ymin>107</ymin>
			<xmax>169</xmax>
			<ymax>125</ymax>
		</bndbox>
	</object>
	<object>
		<name>Leafmold</name>
		<pose>Unspecified</pose>
		<truncated>0</truncated>
		<difficult>0</difficult>
		<bndbox>
			<xmin>147</xmin>
			<ymin>129</ymin>
			<xmax>185</xmax>
			<ymax>146</ymax>
		</bndbox>
	</object>
</annotation>
