<annotation>
	<folder>1000Leafmold叶霉病</folder>
	<filename>3529.JPG</filename>
	<path>C:\20223870\叶霉病\1000Leafmold叶霉病\3529.JPG</path>
	<source>
		<database>Unknown</database>
	</source>
	<size>
		<width>256</width>
		<height>256</height>
		<depth>3</depth>
	</size>
	<segmented>0</segmented>
	<object>
		<name>Leafmold</name>
		<pose>Unspecified</pose>
		<truncated>0</truncated>
		<difficult>0</difficult>
		<bndbox>
			<xmin>69</xmin>
			<ymin>111</ymin>
			<xmax>113</xmax>
			<ymax>127</ymax>
		</bndbox>
	</object>
	<object>
		<name>Leafmold</name>
		<pose>Unspecified</pose>
		<truncated>0</truncated>
		<difficult>0</difficult>
		<bndbox>
			<xmin>85</xmin>
			<ymin>132</ymin>
			<xmax>110</xmax>
			<ymax>149</ymax>
		</bndbox>
	</object>
</annotation>
