<annotation>
	<folder>1000Leafmold叶霉病</folder>
	<filename>3530.JPG</filename>
	<path>C:\20223870\叶霉病\1000Leafmold叶霉病\3530.JPG</path>
	<source>
		<database>Unknown</database>
	</source>
	<size>
		<width>256</width>
		<height>256</height>
		<depth>3</depth>
	</size>
	<segmented>0</segmented>
	<object>
		<name>Leafmold</name>
		<pose>Unspecified</pose>
		<truncated>0</truncated>
		<difficult>0</difficult>
		<bndbox>
			<xmin>147</xmin>
			<ymin>112</ymin>
			<xmax>186</xmax>
			<ymax>126</ymax>
		</bndbox>
	</object>
	<object>
		<name>Leafmold</name>
		<pose>Unspecified</pose>
		<truncated>0</truncated>
		<difficult>0</difficult>
		<bndbox>
			<xmin>143</xmin>
			<ymin>133</ymin>
			<xmax>171</xmax>
			<ymax>148</ymax>
		</bndbox>
	</object>
</annotation>
