<annotation>
	<folder>1000Leafmold叶霉病</folder>
	<filename>3541.JPG</filename>
	<path>C:\20223870\叶霉病\1000Leafmold叶霉病\3541.JPG</path>
	<source>
		<database>Unknown</database>
	</source>
	<size>
		<width>256</width>
		<height>256</height>
		<depth>3</depth>
	</size>
	<segmented>0</segmented>
	<object>
		<name>Leafmold</name>
		<pose>Unspecified</pose>
		<truncated>0</truncated>
		<difficult>0</difficult>
		<bndbox>
			<xmin>91</xmin>
			<ymin>79</ymin>
			<xmax>104</xmax>
			<ymax>87</ymax>
		</bndbox>
	</object>
	<object>
		<name>Leafmold</name>
		<pose>Unspecified</pose>
		<truncated>0</truncated>
		<difficult>0</difficult>
		<bndbox>
			<xmin>107</xmin>
			<ymin>54</ymin>
			<xmax>122</xmax>
			<ymax>64</ymax>
		</bndbox>
	</object>
	<object>
		<name>Leafmold</name>
		<pose>Unspecified</pose>
		<truncated>0</truncated>
		<difficult>0</difficult>
		<bndbox>
			<xmin>135</xmin>
			<ymin>36</ymin>
			<xmax>150</xmax>
			<ymax>46</ymax>
		</bndbox>
	</object>
	<object>
		<name>Leafmold</name>
		<pose>Unspecified</pose>
		<truncated>0</truncated>
		<difficult>0</difficult>
		<bndbox>
			<xmin>147</xmin>
			<ymin>22</ymin>
			<xmax>163</xmax>
			<ymax>35</ymax>
		</bndbox>
	</object>
	<object>
		<name>Leafmold</name>
		<pose>Unspecified</pose>
		<truncated>0</truncated>
		<difficult>0</difficult>
		<bndbox>
			<xmin>114</xmin>
			<ymin>86</ymin>
			<xmax>127</xmax>
			<ymax>93</ymax>
		</bndbox>
	</object>
	<object>
		<name>Leafmold</name>
		<pose>Unspecified</pose>
		<truncated>0</truncated>
		<difficult>0</difficult>
		<bndbox>
			<xmin>187</xmin>
			<ymin>93</ymin>
			<xmax>202</xmax>
			<ymax>107</ymax>
		</bndbox>
	</object>
	<object>
		<name>Leafmold</name>
		<pose>Unspecified</pose>
		<truncated>0</truncated>
		<difficult>0</difficult>
		<bndbox>
			<xmin>169</xmin>
			<ymin>88</ymin>
			<xmax>179</xmax>
			<ymax>98</ymax>
		</bndbox>
	</object>
	<object>
		<name>Leafmold</name>
		<pose>Unspecified</pose>
		<truncated>0</truncated>
		<difficult>0</difficult>
		<bndbox>
			<xmin>149</xmin>
			<ymin>69</ymin>
			<xmax>156</xmax>
			<ymax>76</ymax>
		</bndbox>
	</object>
	<object>
		<name>Leafmold</name>
		<pose>Unspecified</pose>
		<truncated>0</truncated>
		<difficult>0</difficult>
		<bndbox>
			<xmin>165</xmin>
			<ymin>55</ymin>
			<xmax>175</xmax>
			<ymax>60</ymax>
		</bndbox>
	</object>
	<object>
		<name>Leafmold</name>
		<pose>Unspecified</pose>
		<truncated>0</truncated>
		<difficult>0</difficult>
		<bndbox>
			<xmin>127</xmin>
			<ymin>91</ymin>
			<xmax>139</xmax>
			<ymax>103</ymax>
		</bndbox>
	</object>
	<object>
		<name>Leafmold</name>
		<pose>Unspecified</pose>
		<truncated>0</truncated>
		<difficult>0</difficult>
		<bndbox>
			<xmin>60</xmin>
			<ymin>129</ymin>
			<xmax>70</xmax>
			<ymax>147</ymax>
		</bndbox>
	</object>
	<object>
		<name>Leafmold</name>
		<pose>Unspecified</pose>
		<truncated>0</truncated>
		<difficult>0</difficult>
		<bndbox>
			<xmin>74</xmin>
			<ymin>138</ymin>
			<xmax>90</xmax>
			<ymax>148</ymax>
		</bndbox>
	</object>
	<object>
		<name>Leafmold</name>
		<pose>Unspecified</pose>
		<truncated>0</truncated>
		<difficult>0</difficult>
		<bndbox>
			<xmin>106</xmin>
			<ymin>122</ymin>
			<xmax>125</xmax>
			<ymax>134</ymax>
		</bndbox>
	</object>
	<object>
		<name>Leafmold</name>
		<pose>Unspecified</pose>
		<truncated>0</truncated>
		<difficult>0</difficult>
		<bndbox>
			<xmin>109</xmin>
			<ymin>111</ymin>
			<xmax>137</xmax>
			<ymax>121</ymax>
		</bndbox>
	</object>
	<object>
		<name>Leafmold</name>
		<pose>Unspecified</pose>
		<truncated>0</truncated>
		<difficult>0</difficult>
		<bndbox>
			<xmin>120</xmin>
			<ymin>152</ymin>
			<xmax>136</xmax>
			<ymax>164</ymax>
		</bndbox>
	</object>
	<object>
		<name>Leafmold</name>
		<pose>Unspecified</pose>
		<truncated>0</truncated>
		<difficult>0</difficult>
		<bndbox>
			<xmin>67</xmin>
			<ymin>170</ymin>
			<xmax>98</xmax>
			<ymax>187</ymax>
		</bndbox>
	</object>
	<object>
		<name>Leafmold</name>
		<pose>Unspecified</pose>
		<truncated>0</truncated>
		<difficult>0</difficult>
		<bndbox>
			<xmin>100</xmin>
			<ymin>185</ymin>
			<xmax>117</xmax>
			<ymax>199</ymax>
		</bndbox>
	</object>
	<object>
		<name>Leafmold</name>
		<pose>Unspecified</pose>
		<truncated>0</truncated>
		<difficult>0</difficult>
		<bndbox>
			<xmin>86</xmin>
			<ymin>159</ymin>
			<xmax>98</xmax>
			<ymax>170</ymax>
		</bndbox>
	</object>
	<object>
		<name>Leafmold</name>
		<pose>Unspecified</pose>
		<truncated>0</truncated>
		<difficult>0</difficult>
		<bndbox>
			<xmin>98</xmin>
			<ymin>140</ymin>
			<xmax>116</xmax>
			<ymax>157</ymax>
		</bndbox>
	</object>
	<object>
		<name>Leafmold</name>
		<pose>Unspecified</pose>
		<truncated>0</truncated>
		<difficult>0</difficult>
		<bndbox>
			<xmin>56</xmin>
			<ymin>189</ymin>
			<xmax>68</xmax>
			<ymax>197</ymax>
		</bndbox>
	</object>
	<object>
		<name>Leafmold</name>
		<pose>Unspecified</pose>
		<truncated>0</truncated>
		<difficult>0</difficult>
		<bndbox>
			<xmin>58</xmin>
			<ymin>202</ymin>
			<xmax>66</xmax>
			<ymax>216</ymax>
		</bndbox>
	</object>
</annotation>
