<annotation>
	<folder>1000Leafmold叶霉病</folder>
	<filename>3593.JPG</filename>
	<path>C:\20223870\叶霉病\1000Leafmold叶霉病\3593.JPG</path>
	<source>
		<database>Unknown</database>
	</source>
	<size>
		<width>256</width>
		<height>256</height>
		<depth>3</depth>
	</size>
	<segmented>0</segmented>
	<object>
		<name>Leafmold</name>
		<pose>Unspecified</pose>
		<truncated>0</truncated>
		<difficult>0</difficult>
		<bndbox>
			<xmin>131</xmin>
			<ymin>176</ymin>
			<xmax>152</xmax>
			<ymax>188</ymax>
		</bndbox>
	</object>
	<object>
		<name>Leafmold</name>
		<pose>Unspecified</pose>
		<truncated>0</truncated>
		<difficult>0</difficult>
		<bndbox>
			<xmin>139</xmin>
			<ymin>69</ymin>
			<xmax>153</xmax>
			<ymax>82</ymax>
		</bndbox>
	</object>
</annotation>
