<annotation>
	<folder>1000Leafmold叶霉病</folder>
	<filename>3609.JPG</filename>
	<path>C:\20223870\叶霉病\1000Leafmold叶霉病\3609.JPG</path>
	<source>
		<database>Unknown</database>
	</source>
	<size>
		<width>256</width>
		<height>256</height>
		<depth>3</depth>
	</size>
	<segmented>0</segmented>
	<object>
		<name>Leafmold</name>
		<pose>Unspecified</pose>
		<truncated>0</truncated>
		<difficult>0</difficult>
		<bndbox>
			<xmin>110</xmin>
			<ymin>42</ymin>
			<xmax>146</xmax>
			<ymax>59</ymax>
		</bndbox>
	</object>
	<object>
		<name>Leafmold</name>
		<pose>Unspecified</pose>
		<truncated>0</truncated>
		<difficult>0</difficult>
		<bndbox>
			<xmin>127</xmin>
			<ymin>85</ymin>
			<xmax>148</xmax>
			<ymax>98</ymax>
		</bndbox>
	</object>
</annotation>
