<annotation>
	<folder>1000Leafmold叶霉病</folder>
	<filename>3610.JPG</filename>
	<path>C:\20223870\叶霉病\1000Leafmold叶霉病\3610.JPG</path>
	<source>
		<database>Unknown</database>
	</source>
	<size>
		<width>256</width>
		<height>256</height>
		<depth>3</depth>
	</size>
	<segmented>0</segmented>
	<object>
		<name>Leafmold</name>
		<pose>Unspecified</pose>
		<truncated>0</truncated>
		<difficult>0</difficult>
		<bndbox>
			<xmin>136</xmin>
			<ymin>62</ymin>
			<xmax>153</xmax>
			<ymax>76</ymax>
		</bndbox>
	</object>
	<object>
		<name>Leafmold</name>
		<pose>Unspecified</pose>
		<truncated>0</truncated>
		<difficult>0</difficult>
		<bndbox>
			<xmin>164</xmin>
			<ymin>43</ymin>
			<xmax>179</xmax>
			<ymax>54</ymax>
		</bndbox>
	</object>
	<object>
		<name>Leafmold</name>
		<pose>Unspecified</pose>
		<truncated>0</truncated>
		<difficult>0</difficult>
		<bndbox>
			<xmin>203</xmin>
			<ymin>42</ymin>
			<xmax>214</xmax>
			<ymax>49</ymax>
		</bndbox>
	</object>
</annotation>
