<annotation>
	<folder>1000YellowLeafCurlVirus黄化曲叶病</folder>
	<filename>5031.JPG</filename>
	<path>C:\Users\86178\Desktop\1000YellowLeafCurlVirus黄化曲叶病\5031.JPG</path>
	<source>
		<database>Unknown</database>
	</source>
	<size>
		<width>256</width>
		<height>256</height>
		<depth>3</depth>
	</size>
	<segmented>0</segmented>
	<object>
		<name>YellowLeafCurlVirus</name>
		<pose>Unspecified</pose>
		<truncated>0</truncated>
		<difficult>0</difficult>
		<bndbox>
			<xmin>23</xmin>
			<ymin>118</ymin>
			<xmax>36</xmax>
			<ymax>161</ymax>
		</bndbox>
	</object>
	<object>
		<name>YellowLeafCurlVirus</name>
		<pose>Unspecified</pose>
		<truncated>0</truncated>
		<difficult>0</difficult>
		<bndbox>
			<xmin>32</xmin>
			<ymin>97</ymin>
			<xmax>49</xmax>
			<ymax>119</ymax>
		</bndbox>
	</object>
	<object>
		<name>YellowLeafCurlVirus</name>
		<pose>Unspecified</pose>
		<truncated>0</truncated>
		<difficult>0</difficult>
		<bndbox>
			<xmin>49</xmin>
			<ymin>77</ymin>
			<xmax>53</xmax>
			<ymax>95</ymax>
		</bndbox>
	</object>
	<object>
		<name>YellowLeafCurlVirus</name>
		<pose>Unspecified</pose>
		<truncated>0</truncated>
		<difficult>0</difficult>
		<bndbox>
			<xmin>54</xmin>
			<ymin>61</ymin>
			<xmax>60</xmax>
			<ymax>101</ymax>
		</bndbox>
	</object>
	<object>
		<name>YellowLeafCurlVirus</name>
		<pose>Unspecified</pose>
		<truncated>0</truncated>
		<difficult>0</difficult>
		<bndbox>
			<xmin>58</xmin>
			<ymin>48</ymin>
			<xmax>63</xmax>
			<ymax>62</ymax>
		</bndbox>
	</object>
	<object>
		<name>YellowLeafCurlVirus</name>
		<pose>Unspecified</pose>
		<truncated>0</truncated>
		<difficult>0</difficult>
		<bndbox>
			<xmin>171</xmin>
			<ymin>71</ymin>
			<xmax>186</xmax>
			<ymax>103</ymax>
		</bndbox>
	</object>
	<object>
		<name>YellowLeafCurlVirus</name>
		<pose>Unspecified</pose>
		<truncated>0</truncated>
		<difficult>0</difficult>
		<bndbox>
			<xmin>112</xmin>
			<ymin>28</ymin>
			<xmax>125</xmax>
			<ymax>40</ymax>
		</bndbox>
	</object>
	<object>
		<name>YellowLeafCurlVirus</name>
		<pose>Unspecified</pose>
		<truncated>0</truncated>
		<difficult>0</difficult>
		<bndbox>
			<xmin>128</xmin>
			<ymin>39</ymin>
			<xmax>150</xmax>
			<ymax>48</ymax>
		</bndbox>
	</object>
	<object>
		<name>YellowLeafCurlVirus</name>
		<pose>Unspecified</pose>
		<truncated>0</truncated>
		<difficult>0</difficult>
		<bndbox>
			<xmin>141</xmin>
			<ymin>215</ymin>
			<xmax>179</xmax>
			<ymax>223</ymax>
		</bndbox>
	</object>
	<object>
		<name>YellowLeafCurlVirus</name>
		<pose>Unspecified</pose>
		<truncated>0</truncated>
		<difficult>0</difficult>
		<bndbox>
			<xmin>179</xmin>
			<ymin>211</ymin>
			<xmax>195</xmax>
			<ymax>222</ymax>
		</bndbox>
	</object>
	<object>
		<name>YellowLeafCurlVirus</name>
		<pose>Unspecified</pose>
		<truncated>0</truncated>
		<difficult>0</difficult>
		<bndbox>
			<xmin>196</xmin>
			<ymin>204</ymin>
			<xmax>207</xmax>
			<ymax>212</ymax>
		</bndbox>
	</object>
	<object>
		<name>YellowLeafCurlVirus</name>
		<pose>Unspecified</pose>
		<truncated>0</truncated>
		<difficult>0</difficult>
		<bndbox>
			<xmin>207</xmin>
			<ymin>195</ymin>
			<xmax>217</xmax>
			<ymax>209</ymax>
		</bndbox>
	</object>
	<object>
		<name>YellowLeafCurlVirus</name>
		<pose>Unspecified</pose>
		<truncated>0</truncated>
		<difficult>0</difficult>
		<bndbox>
			<xmin>208</xmin>
			<ymin>180</ymin>
			<xmax>225</xmax>
			<ymax>196</ymax>
		</bndbox>
	</object>
	<object>
		<name>YellowLeafCurlVirus</name>
		<pose>Unspecified</pose>
		<truncated>0</truncated>
		<difficult>0</difficult>
		<bndbox>
			<xmin>56</xmin>
			<ymin>106</ymin>
			<xmax>67</xmax>
			<ymax>123</ymax>
		</bndbox>
	</object>
	<object>
		<name>YellowLeafCurlVirus</name>
		<pose>Unspecified</pose>
		<truncated>0</truncated>
		<difficult>0</difficult>
		<bndbox>
			<xmin>68</xmin>
			<ymin>124</ymin>
			<xmax>75</xmax>
			<ymax>139</ymax>
		</bndbox>
	</object>
	<object>
		<name>YellowLeafCurlVirus</name>
		<pose>Unspecified</pose>
		<truncated>0</truncated>
		<difficult>0</difficult>
		<bndbox>
			<xmin>76</xmin>
			<ymin>136</ymin>
			<xmax>85</xmax>
			<ymax>163</ymax>
		</bndbox>
	</object>
	<object>
		<name>YellowLeafCurlVirus</name>
		<pose>Unspecified</pose>
		<truncated>0</truncated>
		<difficult>0</difficult>
		<bndbox>
			<xmin>85</xmin>
			<ymin>146</ymin>
			<xmax>99</xmax>
			<ymax>166</ymax>
		</bndbox>
	</object>
	<object>
		<name>YellowLeafCurlVirus</name>
		<pose>Unspecified</pose>
		<truncated>0</truncated>
		<difficult>0</difficult>
		<bndbox>
			<xmin>37</xmin>
			<ymin>133</ymin>
			<xmax>45</xmax>
			<ymax>164</ymax>
		</bndbox>
	</object>
	<object>
		<name>YellowLeafCurlVirus</name>
		<pose>Unspecified</pose>
		<truncated>0</truncated>
		<difficult>0</difficult>
		<bndbox>
			<xmin>63</xmin>
			<ymin>31</ymin>
			<xmax>66</xmax>
			<ymax>49</ymax>
		</bndbox>
	</object>
	<object>
		<name>YellowLeafCurlVirus</name>
		<pose>Unspecified</pose>
		<truncated>0</truncated>
		<difficult>0</difficult>
		<bndbox>
			<xmin>67</xmin>
			<ymin>25</ymin>
			<xmax>72</xmax>
			<ymax>40</ymax>
		</bndbox>
	</object>
	<object>
		<name>YellowLeafCurlVirus</name>
		<pose>Unspecified</pose>
		<truncated>0</truncated>
		<difficult>0</difficult>
		<bndbox>
			<xmin>72</xmin>
			<ymin>19</ymin>
			<xmax>97</xmax>
			<ymax>27</ymax>
		</bndbox>
	</object>
	<object>
		<name>YellowLeafCurlVirus</name>
		<pose>Unspecified</pose>
		<truncated>0</truncated>
		<difficult>0</difficult>
		<bndbox>
			<xmin>168</xmin>
			<ymin>181</ymin>
			<xmax>207</xmax>
			<ymax>191</ymax>
		</bndbox>
	</object>
</annotation>
