<annotation>
	<folder>1000YellowLeafCurlVirus黄化曲叶病</folder>
	<filename>5165.JPG</filename>
	<path>C:\Users\86178\Desktop\1000YellowLeafCurlVirus黄化曲叶病\5165.JPG</path>
	<source>
		<database>Unknown</database>
	</source>
	<size>
		<width>256</width>
		<height>256</height>
		<depth>3</depth>
	</size>
	<segmented>0</segmented>
	<object>
		<name>YellowLeafCurlVirus</name>
		<pose>Unspecified</pose>
		<truncated>0</truncated>
		<difficult>0</difficult>
		<bndbox>
			<xmin>32</xmin>
			<ymin>116</ymin>
			<xmax>56</xmax>
			<ymax>138</ymax>
		</bndbox>
	</object>
	<object>
		<name>YellowLeafCurlVirus</name>
		<pose>Unspecified</pose>
		<truncated>0</truncated>
		<difficult>0</difficult>
		<bndbox>
			<xmin>44</xmin>
			<ymin>140</ymin>
			<xmax>64</xmax>
			<ymax>153</ymax>
		</bndbox>
	</object>
	<object>
		<name>YellowLeafCurlVirus</name>
		<pose>Unspecified</pose>
		<truncated>0</truncated>
		<difficult>0</difficult>
		<bndbox>
			<xmin>52</xmin>
			<ymin>154</ymin>
			<xmax>71</xmax>
			<ymax>176</ymax>
		</bndbox>
	</object>
	<object>
		<name>YellowLeafCurlVirus</name>
		<pose>Unspecified</pose>
		<truncated>0</truncated>
		<difficult>0</difficult>
		<bndbox>
			<xmin>63</xmin>
			<ymin>176</ymin>
			<xmax>83</xmax>
			<ymax>201</ymax>
		</bndbox>
	</object>
	<object>
		<name>YellowLeafCurlVirus</name>
		<pose>Unspecified</pose>
		<truncated>0</truncated>
		<difficult>0</difficult>
		<bndbox>
			<xmin>73</xmin>
			<ymin>202</ymin>
			<xmax>121</xmax>
			<ymax>213</ymax>
		</bndbox>
	</object>
	<object>
		<name>YellowLeafCurlVirus</name>
		<pose>Unspecified</pose>
		<truncated>0</truncated>
		<difficult>0</difficult>
		<bndbox>
			<xmin>97</xmin>
			<ymin>190</ymin>
			<xmax>144</xmax>
			<ymax>199</ymax>
		</bndbox>
	</object>
	<object>
		<name>YellowLeafCurlVirus</name>
		<pose>Unspecified</pose>
		<truncated>0</truncated>
		<difficult>0</difficult>
		<bndbox>
			<xmin>75</xmin>
			<ymin>153</ymin>
			<xmax>114</xmax>
			<ymax>165</ymax>
		</bndbox>
	</object>
	<object>
		<name>YellowLeafCurlVirus</name>
		<pose>Unspecified</pose>
		<truncated>0</truncated>
		<difficult>0</difficult>
		<bndbox>
			<xmin>51</xmin>
			<ymin>97</ymin>
			<xmax>80</xmax>
			<ymax>104</ymax>
		</bndbox>
	</object>
	<object>
		<name>YellowLeafCurlVirus</name>
		<pose>Unspecified</pose>
		<truncated>0</truncated>
		<difficult>0</difficult>
		<bndbox>
			<xmin>65</xmin>
			<ymin>124</ymin>
			<xmax>86</xmax>
			<ymax>132</ymax>
		</bndbox>
	</object>
	<object>
		<name>YellowLeafCurlVirus</name>
		<pose>Unspecified</pose>
		<truncated>0</truncated>
		<difficult>0</difficult>
		<bndbox>
			<xmin>65</xmin>
			<ymin>214</ymin>
			<xmax>86</xmax>
			<ymax>225</ymax>
		</bndbox>
	</object>
	<object>
		<name>YellowLeafCurlVirus</name>
		<pose>Unspecified</pose>
		<truncated>0</truncated>
		<difficult>0</difficult>
		<bndbox>
			<xmin>76</xmin>
			<ymin>227</ymin>
			<xmax>124</xmax>
			<ymax>238</ymax>
		</bndbox>
	</object>
	<object>
		<name>YellowLeafCurlVirus</name>
		<pose>Unspecified</pose>
		<truncated>0</truncated>
		<difficult>0</difficult>
		<bndbox>
			<xmin>194</xmin>
			<ymin>82</ymin>
			<xmax>206</xmax>
			<ymax>100</ymax>
		</bndbox>
	</object>
	<object>
		<name>YellowLeafCurlVirus</name>
		<pose>Unspecified</pose>
		<truncated>0</truncated>
		<difficult>0</difficult>
		<bndbox>
			<xmin>147</xmin>
			<ymin>53</ymin>
			<xmax>166</xmax>
			<ymax>73</ymax>
		</bndbox>
	</object>
	<object>
		<name>YellowLeafCurlVirus</name>
		<pose>Unspecified</pose>
		<truncated>0</truncated>
		<difficult>0</difficult>
		<bndbox>
			<xmin>136</xmin>
			<ymin>70</ymin>
			<xmax>148</xmax>
			<ymax>79</ymax>
		</bndbox>
	</object>
	<object>
		<name>YellowLeafCurlVirus</name>
		<pose>Unspecified</pose>
		<truncated>0</truncated>
		<difficult>0</difficult>
		<bndbox>
			<xmin>128</xmin>
			<ymin>48</ymin>
			<xmax>139</xmax>
			<ymax>53</ymax>
		</bndbox>
	</object>
	<object>
		<name>YellowLeafCurlVirus</name>
		<pose>Unspecified</pose>
		<truncated>0</truncated>
		<difficult>0</difficult>
		<bndbox>
			<xmin>139</xmin>
			<ymin>51</ymin>
			<xmax>148</xmax>
			<ymax>54</ymax>
		</bndbox>
	</object>
	<object>
		<name>YellowLeafCurlVirus</name>
		<pose>Unspecified</pose>
		<truncated>0</truncated>
		<difficult>0</difficult>
		<bndbox>
			<xmin>110</xmin>
			<ymin>36</ymin>
			<xmax>122</xmax>
			<ymax>58</ymax>
		</bndbox>
	</object>
	<object>
		<name>YellowLeafCurlVirus</name>
		<pose>Unspecified</pose>
		<truncated>0</truncated>
		<difficult>0</difficult>
		<bndbox>
			<xmin>27</xmin>
			<ymin>25</ymin>
			<xmax>42</xmax>
			<ymax>41</ymax>
		</bndbox>
	</object>
	<object>
		<name>YellowLeafCurlVirus</name>
		<pose>Unspecified</pose>
		<truncated>0</truncated>
		<difficult>0</difficult>
		<bndbox>
			<xmin>210</xmin>
			<ymin>106</ymin>
			<xmax>220</xmax>
			<ymax>150</ymax>
		</bndbox>
	</object>
	<object>
		<name>YellowLeafCurlVirus</name>
		<pose>Unspecified</pose>
		<truncated>0</truncated>
		<difficult>0</difficult>
		<bndbox>
			<xmin>180</xmin>
			<ymin>150</ymin>
			<xmax>203</xmax>
			<ymax>166</ymax>
		</bndbox>
	</object>
	<object>
		<name>YellowLeafCurlVirus</name>
		<pose>Unspecified</pose>
		<truncated>0</truncated>
		<difficult>0</difficult>
		<bndbox>
			<xmin>183</xmin>
			<ymin>102</ymin>
			<xmax>195</xmax>
			<ymax>131</ymax>
		</bndbox>
	</object>
	<object>
		<name>YellowLeafCurlVirus</name>
		<pose>Unspecified</pose>
		<truncated>0</truncated>
		<difficult>0</difficult>
		<bndbox>
			<xmin>202</xmin>
			<ymin>166</ymin>
			<xmax>220</xmax>
			<ymax>179</ymax>
		</bndbox>
	</object>
	<object>
		<name>YellowLeafCurlVirus</name>
		<pose>Unspecified</pose>
		<truncated>0</truncated>
		<difficult>0</difficult>
		<bndbox>
			<xmin>221</xmin>
			<ymin>151</ymin>
			<xmax>234</xmax>
			<ymax>159</ymax>
		</bndbox>
	</object>
	<object>
		<name>YellowLeafCurlVirus</name>
		<pose>Unspecified</pose>
		<truncated>0</truncated>
		<difficult>0</difficult>
		<bndbox>
			<xmin>116</xmin>
			<ymin>165</ymin>
			<xmax>148</xmax>
			<ymax>176</ymax>
		</bndbox>
	</object>
</annotation>
