<annotation>
	<folder>1000YellowLeafCurlVirus黄化曲叶病</folder>
	<filename>5242.JPG</filename>
	<path>C:\Users\86178\Desktop\1000YellowLeafCurlVirus黄化曲叶病\5242.JPG</path>
	<source>
		<database>Unknown</database>
	</source>
	<size>
		<width>256</width>
		<height>256</height>
		<depth>3</depth>
	</size>
	<segmented>0</segmented>
	<object>
		<name>YellowLeafCurlVirus</name>
		<pose>Unspecified</pose>
		<truncated>0</truncated>
		<difficult>0</difficult>
		<bndbox>
			<xmin>76</xmin>
			<ymin>55</ymin>
			<xmax>97</xmax>
			<ymax>83</ymax>
		</bndbox>
	</object>
	<object>
		<name>YellowLeafCurlVirus</name>
		<pose>Unspecified</pose>
		<truncated>0</truncated>
		<difficult>0</difficult>
		<bndbox>
			<xmin>98</xmin>
			<ymin>56</ymin>
			<xmax>120</xmax>
			<ymax>60</ymax>
		</bndbox>
	</object>
	<object>
		<name>YellowLeafCurlVirus</name>
		<pose>Unspecified</pose>
		<truncated>0</truncated>
		<difficult>0</difficult>
		<bndbox>
			<xmin>108</xmin>
			<ymin>74</ymin>
			<xmax>123</xmax>
			<ymax>86</ymax>
		</bndbox>
	</object>
	<object>
		<name>YellowLeafCurlVirus</name>
		<pose>Unspecified</pose>
		<truncated>0</truncated>
		<difficult>0</difficult>
		<bndbox>
			<xmin>122</xmin>
			<ymin>77</ymin>
			<xmax>136</xmax>
			<ymax>87</ymax>
		</bndbox>
	</object>
	<object>
		<name>YellowLeafCurlVirus</name>
		<pose>Unspecified</pose>
		<truncated>0</truncated>
		<difficult>0</difficult>
		<bndbox>
			<xmin>121</xmin>
			<ymin>89</ymin>
			<xmax>135</xmax>
			<ymax>95</ymax>
		</bndbox>
	</object>
	<object>
		<name>YellowLeafCurlVirus</name>
		<pose>Unspecified</pose>
		<truncated>0</truncated>
		<difficult>0</difficult>
		<bndbox>
			<xmin>86</xmin>
			<ymin>80</ymin>
			<xmax>96</xmax>
			<ymax>101</ymax>
		</bndbox>
	</object>
	<object>
		<name>YellowLeafCurlVirus</name>
		<pose>Unspecified</pose>
		<truncated>0</truncated>
		<difficult>0</difficult>
		<bndbox>
			<xmin>91</xmin>
			<ymin>119</ymin>
			<xmax>106</xmax>
			<ymax>132</ymax>
		</bndbox>
	</object>
	<object>
		<name>YellowLeafCurlVirus</name>
		<pose>Unspecified</pose>
		<truncated>0</truncated>
		<difficult>0</difficult>
		<bndbox>
			<xmin>113</xmin>
			<ymin>109</ymin>
			<xmax>121</xmax>
			<ymax>116</ymax>
		</bndbox>
	</object>
	<object>
		<name>YellowLeafCurlVirus</name>
		<pose>Unspecified</pose>
		<truncated>0</truncated>
		<difficult>0</difficult>
		<bndbox>
			<xmin>83</xmin>
			<ymin>136</ymin>
			<xmax>88</xmax>
			<ymax>148</ymax>
		</bndbox>
	</object>
	<object>
		<name>YellowLeafCurlVirus</name>
		<pose>Unspecified</pose>
		<truncated>0</truncated>
		<difficult>0</difficult>
		<bndbox>
			<xmin>197</xmin>
			<ymin>103</ymin>
			<xmax>212</xmax>
			<ymax>116</ymax>
		</bndbox>
	</object>
	<object>
		<name>YellowLeafCurlVirus</name>
		<pose>Unspecified</pose>
		<truncated>0</truncated>
		<difficult>0</difficult>
		<bndbox>
			<xmin>219</xmin>
			<ymin>103</ymin>
			<xmax>240</xmax>
			<ymax>123</ymax>
		</bndbox>
	</object>
	<object>
		<name>YellowLeafCurlVirus</name>
		<pose>Unspecified</pose>
		<truncated>0</truncated>
		<difficult>0</difficult>
		<bndbox>
			<xmin>232</xmin>
			<ymin>122</ymin>
			<xmax>245</xmax>
			<ymax>136</ymax>
		</bndbox>
	</object>
	<object>
		<name>YellowLeafCurlVirus</name>
		<pose>Unspecified</pose>
		<truncated>0</truncated>
		<difficult>0</difficult>
		<bndbox>
			<xmin>212</xmin>
			<ymin>135</ymin>
			<xmax>232</xmax>
			<ymax>145</ymax>
		</bndbox>
	</object>
	<object>
		<name>YellowLeafCurlVirus</name>
		<pose>Unspecified</pose>
		<truncated>0</truncated>
		<difficult>0</difficult>
		<bndbox>
			<xmin>196</xmin>
			<ymin>145</ymin>
			<xmax>215</xmax>
			<ymax>153</ymax>
		</bndbox>
	</object>
	<object>
		<name>YellowLeafCurlVirus</name>
		<pose>Unspecified</pose>
		<truncated>0</truncated>
		<difficult>0</difficult>
		<bndbox>
			<xmin>187</xmin>
			<ymin>169</ymin>
			<xmax>202</xmax>
			<ymax>179</ymax>
		</bndbox>
	</object>
	<object>
		<name>YellowLeafCurlVirus</name>
		<pose>Unspecified</pose>
		<truncated>0</truncated>
		<difficult>0</difficult>
		<bndbox>
			<xmin>201</xmin>
			<ymin>175</ymin>
			<xmax>218</xmax>
			<ymax>188</ymax>
		</bndbox>
	</object>
	<object>
		<name>YellowLeafCurlVirus</name>
		<pose>Unspecified</pose>
		<truncated>0</truncated>
		<difficult>0</difficult>
		<bndbox>
			<xmin>185</xmin>
			<ymin>182</ymin>
			<xmax>201</xmax>
			<ymax>196</ymax>
		</bndbox>
	</object>
	<object>
		<name>YellowLeafCurlVirus</name>
		<pose>Unspecified</pose>
		<truncated>0</truncated>
		<difficult>0</difficult>
		<bndbox>
			<xmin>133</xmin>
			<ymin>148</ymin>
			<xmax>145</xmax>
			<ymax>164</ymax>
		</bndbox>
	</object>
	<object>
		<name>YellowLeafCurlVirus</name>
		<pose>Unspecified</pose>
		<truncated>0</truncated>
		<difficult>0</difficult>
		<bndbox>
			<xmin>137</xmin>
			<ymin>120</ymin>
			<xmax>150</xmax>
			<ymax>132</ymax>
		</bndbox>
	</object>
	<object>
		<name>YellowLeafCurlVirus</name>
		<pose>Unspecified</pose>
		<truncated>0</truncated>
		<difficult>0</difficult>
		<bndbox>
			<xmin>157</xmin>
			<ymin>47</ymin>
			<xmax>167</xmax>
			<ymax>58</ymax>
		</bndbox>
	</object>
	<object>
		<name>YellowLeafCurlVirus</name>
		<pose>Unspecified</pose>
		<truncated>0</truncated>
		<difficult>0</difficult>
		<bndbox>
			<xmin>130</xmin>
			<ymin>25</ymin>
			<xmax>141</xmax>
			<ymax>30</ymax>
		</bndbox>
	</object>
	<object>
		<name>YellowLeafCurlVirus</name>
		<pose>Unspecified</pose>
		<truncated>0</truncated>
		<difficult>0</difficult>
		<bndbox>
			<xmin>142</xmin>
			<ymin>28</ymin>
			<xmax>155</xmax>
			<ymax>36</ymax>
		</bndbox>
	</object>
	<object>
		<name>YellowLeafCurlVirus</name>
		<pose>Unspecified</pose>
		<truncated>0</truncated>
		<difficult>0</difficult>
		<bndbox>
			<xmin>157</xmin>
			<ymin>33</ymin>
			<xmax>167</xmax>
			<ymax>40</ymax>
		</bndbox>
	</object>
	<object>
		<name>YellowLeafCurlVirus</name>
		<pose>Unspecified</pose>
		<truncated>0</truncated>
		<difficult>0</difficult>
		<bndbox>
			<xmin>166</xmin>
			<ymin>67</ymin>
			<xmax>171</xmax>
			<ymax>77</ymax>
		</bndbox>
	</object>
</annotation>
