<annotation>
	<folder>1000YellowLeafCurlVirus黄化曲叶病</folder>
	<filename>5244.JPG</filename>
	<path>C:\Users\86178\Desktop\1000YellowLeafCurlVirus黄化曲叶病\5244.JPG</path>
	<source>
		<database>Unknown</database>
	</source>
	<size>
		<width>256</width>
		<height>256</height>
		<depth>3</depth>
	</size>
	<segmented>0</segmented>
	<object>
		<name>YellowLeafCurlVirus</name>
		<pose>Unspecified</pose>
		<truncated>0</truncated>
		<difficult>0</difficult>
		<bndbox>
			<xmin>57</xmin>
			<ymin>94</ymin>
			<xmax>71</xmax>
			<ymax>142</ymax>
		</bndbox>
	</object>
	<object>
		<name>YellowLeafCurlVirus</name>
		<pose>Unspecified</pose>
		<truncated>0</truncated>
		<difficult>0</difficult>
		<bndbox>
			<xmin>71</xmin>
			<ymin>129</ymin>
			<xmax>79</xmax>
			<ymax>140</ymax>
		</bndbox>
	</object>
	<object>
		<name>YellowLeafCurlVirus</name>
		<pose>Unspecified</pose>
		<truncated>0</truncated>
		<difficult>0</difficult>
		<bndbox>
			<xmin>98</xmin>
			<ymin>140</ymin>
			<xmax>112</xmax>
			<ymax>159</ymax>
		</bndbox>
	</object>
	<object>
		<name>YellowLeafCurlVirus</name>
		<pose>Unspecified</pose>
		<truncated>0</truncated>
		<difficult>0</difficult>
		<bndbox>
			<xmin>58</xmin>
			<ymin>77</ymin>
			<xmax>66</xmax>
			<ymax>95</ymax>
		</bndbox>
	</object>
	<object>
		<name>YellowLeafCurlVirus</name>
		<pose>Unspecified</pose>
		<truncated>0</truncated>
		<difficult>0</difficult>
		<bndbox>
			<xmin>64</xmin>
			<ymin>69</ymin>
			<xmax>72</xmax>
			<ymax>76</ymax>
		</bndbox>
	</object>
	<object>
		<name>YellowLeafCurlVirus</name>
		<pose>Unspecified</pose>
		<truncated>0</truncated>
		<difficult>0</difficult>
		<bndbox>
			<xmin>69</xmin>
			<ymin>57</ymin>
			<xmax>80</xmax>
			<ymax>68</ymax>
		</bndbox>
	</object>
	<object>
		<name>YellowLeafCurlVirus</name>
		<pose>Unspecified</pose>
		<truncated>0</truncated>
		<difficult>0</difficult>
		<bndbox>
			<xmin>158</xmin>
			<ymin>79</ymin>
			<xmax>172</xmax>
			<ymax>101</ymax>
		</bndbox>
	</object>
	<object>
		<name>YellowLeafCurlVirus</name>
		<pose>Unspecified</pose>
		<truncated>0</truncated>
		<difficult>0</difficult>
		<bndbox>
			<xmin>172</xmin>
			<ymin>94</ymin>
			<xmax>184</xmax>
			<ymax>124</ymax>
		</bndbox>
	</object>
	<object>
		<name>YellowLeafCurlVirus</name>
		<pose>Unspecified</pose>
		<truncated>0</truncated>
		<difficult>0</difficult>
		<bndbox>
			<xmin>178</xmin>
			<ymin>133</ymin>
			<xmax>188</xmax>
			<ymax>155</ymax>
		</bndbox>
	</object>
	<object>
		<name>YellowLeafCurlVirus</name>
		<pose>Unspecified</pose>
		<truncated>0</truncated>
		<difficult>0</difficult>
		<bndbox>
			<xmin>98</xmin>
			<ymin>99</ymin>
			<xmax>113</xmax>
			<ymax>112</ymax>
		</bndbox>
	</object>
	<object>
		<name>YellowLeafCurlVirus</name>
		<pose>Unspecified</pose>
		<truncated>0</truncated>
		<difficult>0</difficult>
		<bndbox>
			<xmin>81</xmin>
			<ymin>66</ymin>
			<xmax>95</xmax>
			<ymax>74</ymax>
		</bndbox>
	</object>
	<object>
		<name>YellowLeafCurlVirus</name>
		<pose>Unspecified</pose>
		<truncated>0</truncated>
		<difficult>0</difficult>
		<bndbox>
			<xmin>69</xmin>
			<ymin>101</ymin>
			<xmax>80</xmax>
			<ymax>117</ymax>
		</bndbox>
	</object>
</annotation>
