<annotation>
	<folder>1000YellowLeafCurlVirus黄化曲叶病</folder>
	<filename>5323.JPG</filename>
	<path>C:\Users\86178\Desktop\1000YellowLeafCurlVirus黄化曲叶病\5323.JPG</path>
	<source>
		<database>Unknown</database>
	</source>
	<size>
		<width>256</width>
		<height>256</height>
		<depth>3</depth>
	</size>
	<segmented>0</segmented>
	<object>
		<name>YellowLeafCurlVirus</name>
		<pose>Unspecified</pose>
		<truncated>0</truncated>
		<difficult>0</difficult>
		<bndbox>
			<xmin>43</xmin>
			<ymin>93</ymin>
			<xmax>69</xmax>
			<ymax>107</ymax>
		</bndbox>
	</object>
	<object>
		<name>YellowLeafCurlVirus</name>
		<pose>Unspecified</pose>
		<truncated>0</truncated>
		<difficult>0</difficult>
		<bndbox>
			<xmin>68</xmin>
			<ymin>101</ymin>
			<xmax>78</xmax>
			<ymax>112</ymax>
		</bndbox>
	</object>
	<object>
		<name>YellowLeafCurlVirus</name>
		<pose>Unspecified</pose>
		<truncated>0</truncated>
		<difficult>0</difficult>
		<bndbox>
			<xmin>79</xmin>
			<ymin>108</ymin>
			<xmax>95</xmax>
			<ymax>113</ymax>
		</bndbox>
	</object>
	<object>
		<name>YellowLeafCurlVirus</name>
		<pose>Unspecified</pose>
		<truncated>0</truncated>
		<difficult>0</difficult>
		<bndbox>
			<xmin>67</xmin>
			<ymin>81</ymin>
			<xmax>100</xmax>
			<ymax>87</ymax>
		</bndbox>
	</object>
	<object>
		<name>YellowLeafCurlVirus</name>
		<pose>Unspecified</pose>
		<truncated>0</truncated>
		<difficult>0</difficult>
		<bndbox>
			<xmin>41</xmin>
			<ymin>108</ymin>
			<xmax>59</xmax>
			<ymax>132</ymax>
		</bndbox>
	</object>
	<object>
		<name>YellowLeafCurlVirus</name>
		<pose>Unspecified</pose>
		<truncated>0</truncated>
		<difficult>0</difficult>
		<bndbox>
			<xmin>45</xmin>
			<ymin>134</ymin>
			<xmax>62</xmax>
			<ymax>154</ymax>
		</bndbox>
	</object>
	<object>
		<name>YellowLeafCurlVirus</name>
		<pose>Unspecified</pose>
		<truncated>0</truncated>
		<difficult>0</difficult>
		<bndbox>
			<xmin>43</xmin>
			<ymin>155</ymin>
			<xmax>63</xmax>
			<ymax>195</ymax>
		</bndbox>
	</object>
	<object>
		<name>YellowLeafCurlVirus</name>
		<pose>Unspecified</pose>
		<truncated>0</truncated>
		<difficult>0</difficult>
		<bndbox>
			<xmin>61</xmin>
			<ymin>183</ymin>
			<xmax>76</xmax>
			<ymax>197</ymax>
		</bndbox>
	</object>
	<object>
		<name>YellowLeafCurlVirus</name>
		<pose>Unspecified</pose>
		<truncated>0</truncated>
		<difficult>0</difficult>
		<bndbox>
			<xmin>75</xmin>
			<ymin>189</ymin>
			<xmax>87</xmax>
			<ymax>200</ymax>
		</bndbox>
	</object>
	<object>
		<name>YellowLeafCurlVirus</name>
		<pose>Unspecified</pose>
		<truncated>0</truncated>
		<difficult>0</difficult>
		<bndbox>
			<xmin>77</xmin>
			<ymin>176</ymin>
			<xmax>96</xmax>
			<ymax>182</ymax>
		</bndbox>
	</object>
	<object>
		<name>YellowLeafCurlVirus</name>
		<pose>Unspecified</pose>
		<truncated>0</truncated>
		<difficult>0</difficult>
		<bndbox>
			<xmin>92</xmin>
			<ymin>180</ymin>
			<xmax>107</xmax>
			<ymax>192</ymax>
		</bndbox>
	</object>
	<object>
		<name>YellowLeafCurlVirus</name>
		<pose>Unspecified</pose>
		<truncated>0</truncated>
		<difficult>0</difficult>
		<bndbox>
			<xmin>112</xmin>
			<ymin>191</ymin>
			<xmax>143</xmax>
			<ymax>203</ymax>
		</bndbox>
	</object>
	<object>
		<name>YellowLeafCurlVirus</name>
		<pose>Unspecified</pose>
		<truncated>0</truncated>
		<difficult>0</difficult>
		<bndbox>
			<xmin>65</xmin>
			<ymin>129</ymin>
			<xmax>78</xmax>
			<ymax>140</ymax>
		</bndbox>
	</object>
	<object>
		<name>YellowLeafCurlVirus</name>
		<pose>Unspecified</pose>
		<truncated>0</truncated>
		<difficult>0</difficult>
		<bndbox>
			<xmin>79</xmin>
			<ymin>137</ymin>
			<xmax>90</xmax>
			<ymax>150</ymax>
		</bndbox>
	</object>
	<object>
		<name>YellowLeafCurlVirus</name>
		<pose>Unspecified</pose>
		<truncated>0</truncated>
		<difficult>0</difficult>
		<bndbox>
			<xmin>90</xmin>
			<ymin>143</ymin>
			<xmax>97</xmax>
			<ymax>151</ymax>
		</bndbox>
	</object>
	<object>
		<name>YellowLeafCurlVirus</name>
		<pose>Unspecified</pose>
		<truncated>0</truncated>
		<difficult>0</difficult>
		<bndbox>
			<xmin>98</xmin>
			<ymin>146</ymin>
			<xmax>107</xmax>
			<ymax>156</ymax>
		</bndbox>
	</object>
	<object>
		<name>YellowLeafCurlVirus</name>
		<pose>Unspecified</pose>
		<truncated>0</truncated>
		<difficult>0</difficult>
		<bndbox>
			<xmin>108</xmin>
			<ymin>155</ymin>
			<xmax>118</xmax>
			<ymax>161</ymax>
		</bndbox>
	</object>
	<object>
		<name>YellowLeafCurlVirus</name>
		<pose>Unspecified</pose>
		<truncated>0</truncated>
		<difficult>0</difficult>
		<bndbox>
			<xmin>117</xmin>
			<ymin>160</ymin>
			<xmax>131</xmax>
			<ymax>172</ymax>
		</bndbox>
	</object>
	<object>
		<name>YellowLeafCurlVirus</name>
		<pose>Unspecified</pose>
		<truncated>0</truncated>
		<difficult>0</difficult>
		<bndbox>
			<xmin>131</xmin>
			<ymin>166</ymin>
			<xmax>139</xmax>
			<ymax>173</ymax>
		</bndbox>
	</object>
	<object>
		<name>YellowLeafCurlVirus</name>
		<pose>Unspecified</pose>
		<truncated>0</truncated>
		<difficult>0</difficult>
		<bndbox>
			<xmin>39</xmin>
			<ymin>202</ymin>
			<xmax>55</xmax>
			<ymax>217</ymax>
		</bndbox>
	</object>
	<object>
		<name>YellowLeafCurlVirus</name>
		<pose>Unspecified</pose>
		<truncated>0</truncated>
		<difficult>0</difficult>
		<bndbox>
			<xmin>57</xmin>
			<ymin>217</ymin>
			<xmax>70</xmax>
			<ymax>224</ymax>
		</bndbox>
	</object>
	<object>
		<name>YellowLeafCurlVirus</name>
		<pose>Unspecified</pose>
		<truncated>0</truncated>
		<difficult>0</difficult>
		<bndbox>
			<xmin>71</xmin>
			<ymin>222</ymin>
			<xmax>85</xmax>
			<ymax>228</ymax>
		</bndbox>
	</object>
	<object>
		<name>YellowLeafCurlVirus</name>
		<pose>Unspecified</pose>
		<truncated>0</truncated>
		<difficult>0</difficult>
		<bndbox>
			<xmin>98</xmin>
			<ymin>24</ymin>
			<xmax>125</xmax>
			<ymax>34</ymax>
		</bndbox>
	</object>
	<object>
		<name>YellowLeafCurlVirus</name>
		<pose>Unspecified</pose>
		<truncated>0</truncated>
		<difficult>0</difficult>
		<bndbox>
			<xmin>71</xmin>
			<ymin>26</ymin>
			<xmax>86</xmax>
			<ymax>37</ymax>
		</bndbox>
	</object>
	<object>
		<name>YellowLeafCurlVirus</name>
		<pose>Unspecified</pose>
		<truncated>0</truncated>
		<difficult>0</difficult>
		<bndbox>
			<xmin>154</xmin>
			<ymin>79</ymin>
			<xmax>179</xmax>
			<ymax>86</ymax>
		</bndbox>
	</object>
	<object>
		<name>YellowLeafCurlVirus</name>
		<pose>Unspecified</pose>
		<truncated>0</truncated>
		<difficult>0</difficult>
		<bndbox>
			<xmin>133</xmin>
			<ymin>62</ymin>
			<xmax>144</xmax>
			<ymax>72</ymax>
		</bndbox>
	</object>
	<object>
		<name>YellowLeafCurlVirus</name>
		<pose>Unspecified</pose>
		<truncated>0</truncated>
		<difficult>0</difficult>
		<bndbox>
			<xmin>162</xmin>
			<ymin>111</ymin>
			<xmax>174</xmax>
			<ymax>127</ymax>
		</bndbox>
	</object>
	<object>
		<name>YellowLeafCurlVirus</name>
		<pose>Unspecified</pose>
		<truncated>0</truncated>
		<difficult>0</difficult>
		<bndbox>
			<xmin>197</xmin>
			<ymin>113</ymin>
			<xmax>217</xmax>
			<ymax>127</ymax>
		</bndbox>
	</object>
	<object>
		<name>YellowLeafCurlVirus</name>
		<pose>Unspecified</pose>
		<truncated>0</truncated>
		<difficult>0</difficult>
		<bndbox>
			<xmin>180</xmin>
			<ymin>126</ymin>
			<xmax>200</xmax>
			<ymax>149</ymax>
		</bndbox>
	</object>
	<object>
		<name>YellowLeafCurlVirus</name>
		<pose>Unspecified</pose>
		<truncated>0</truncated>
		<difficult>0</difficult>
		<bndbox>
			<xmin>173</xmin>
			<ymin>165</ymin>
			<xmax>187</xmax>
			<ymax>180</ymax>
		</bndbox>
	</object>
	<object>
		<name>YellowLeafCurlVirus</name>
		<pose>Unspecified</pose>
		<truncated>0</truncated>
		<difficult>0</difficult>
		<bndbox>
			<xmin>187</xmin>
			<ymin>162</ymin>
			<xmax>203</xmax>
			<ymax>172</ymax>
		</bndbox>
	</object>
	<object>
		<name>YellowLeafCurlVirus</name>
		<pose>Unspecified</pose>
		<truncated>0</truncated>
		<difficult>0</difficult>
		<bndbox>
			<xmin>192</xmin>
			<ymin>173</ymin>
			<xmax>198</xmax>
			<ymax>184</ymax>
		</bndbox>
	</object>
	<object>
		<name>YellowLeafCurlVirus</name>
		<pose>Unspecified</pose>
		<truncated>0</truncated>
		<difficult>0</difficult>
		<bndbox>
			<xmin>187</xmin>
			<ymin>182</ymin>
			<xmax>210</xmax>
			<ymax>197</ymax>
		</bndbox>
	</object>
	<object>
		<name>YellowLeafCurlVirus</name>
		<pose>Unspecified</pose>
		<truncated>0</truncated>
		<difficult>0</difficult>
		<bndbox>
			<xmin>210</xmin>
			<ymin>138</ymin>
			<xmax>225</xmax>
			<ymax>158</ymax>
		</bndbox>
	</object>
	<object>
		<name>YellowLeafCurlVirus</name>
		<pose>Unspecified</pose>
		<truncated>0</truncated>
		<difficult>0</difficult>
		<bndbox>
			<xmin>214</xmin>
			<ymin>172</ymin>
			<xmax>230</xmax>
			<ymax>180</ymax>
		</bndbox>
	</object>
</annotation>
