<annotation>
	<folder>Septorialeafspot叶枯病——图片</folder>
	<filename>4018.JPG</filename>
	<path>E:\AB打标签\Septorialeafspot叶枯病——图片\4018.JPG</path>
	<source>
		<database>Unknown</database>
	</source>
	<size>
		<width>256</width>
		<height>256</height>
		<depth>3</depth>
	</size>
	<segmented>0</segmented>
	<object>
		<name>Septorialeafspot</name>
		<pose>Unspecified</pose>
		<truncated>0</truncated>
		<difficult>0</difficult>
		<bndbox>
			<xmin>69</xmin>
			<ymin>166</ymin>
			<xmax>80</xmax>
			<ymax>177</ymax>
		</bndbox>
	</object>
	<object>
		<name>Septorialeafspot</name>
		<pose>Unspecified</pose>
		<truncated>0</truncated>
		<difficult>0</difficult>
		<bndbox>
			<xmin>80</xmin>
			<ymin>197</ymin>
			<xmax>87</xmax>
			<ymax>205</ymax>
		</bndbox>
	</object>
	<object>
		<name>Septorialeafspot</name>
		<pose>Unspecified</pose>
		<truncated>0</truncated>
		<difficult>0</difficult>
		<bndbox>
			<xmin>88</xmin>
			<ymin>182</ymin>
			<xmax>97</xmax>
			<ymax>191</ymax>
		</bndbox>
	</object>
	<object>
		<name>Septorialeafspot</name>
		<pose>Unspecified</pose>
		<truncated>0</truncated>
		<difficult>0</difficult>
		<bndbox>
			<xmin>101</xmin>
			<ymin>153</ymin>
			<xmax>116</xmax>
			<ymax>164</ymax>
		</bndbox>
	</object>
	<object>
		<name>Septorialeafspot</name>
		<pose>Unspecified</pose>
		<truncated>0</truncated>
		<difficult>0</difficult>
		<bndbox>
			<xmin>125</xmin>
			<ymin>167</ymin>
			<xmax>139</xmax>
			<ymax>177</ymax>
		</bndbox>
	</object>
	<object>
		<name>Septorialeafspot</name>
		<pose>Unspecified</pose>
		<truncated>0</truncated>
		<difficult>0</difficult>
		<bndbox>
			<xmin>143</xmin>
			<ymin>158</ymin>
			<xmax>161</xmax>
			<ymax>174</ymax>
		</bndbox>
	</object>
	<object>
		<name>Septorialeafspot</name>
		<pose>Unspecified</pose>
		<truncated>0</truncated>
		<difficult>0</difficult>
		<bndbox>
			<xmin>174</xmin>
			<ymin>180</ymin>
			<xmax>190</xmax>
			<ymax>194</ymax>
		</bndbox>
	</object>
	<object>
		<name>Septorialeafspot</name>
		<pose>Unspecified</pose>
		<truncated>0</truncated>
		<difficult>0</difficult>
		<bndbox>
			<xmin>135</xmin>
			<ymin>219</ymin>
			<xmax>147</xmax>
			<ymax>228</ymax>
		</bndbox>
	</object>
	<object>
		<name>Septorialeafspot</name>
		<pose>Unspecified</pose>
		<truncated>0</truncated>
		<difficult>0</difficult>
		<bndbox>
			<xmin>79</xmin>
			<ymin>216</ymin>
			<xmax>90</xmax>
			<ymax>224</ymax>
		</bndbox>
	</object>
	<object>
		<name>Septorialeafspot</name>
		<pose>Unspecified</pose>
		<truncated>0</truncated>
		<difficult>0</difficult>
		<bndbox>
			<xmin>55</xmin>
			<ymin>151</ymin>
			<xmax>64</xmax>
			<ymax>164</ymax>
		</bndbox>
	</object>
	<object>
		<name>Septorialeafspot</name>
		<pose>Unspecified</pose>
		<truncated>0</truncated>
		<difficult>0</difficult>
		<bndbox>
			<xmin>107</xmin>
			<ymin>133</ymin>
			<xmax>121</xmax>
			<ymax>143</ymax>
		</bndbox>
	</object>
	<object>
		<name>Septorialeafspot</name>
		<pose>Unspecified</pose>
		<truncated>0</truncated>
		<difficult>0</difficult>
		<bndbox>
			<xmin>89</xmin>
			<ymin>116</ymin>
			<xmax>106</xmax>
			<ymax>128</ymax>
		</bndbox>
	</object>
	<object>
		<name>Septorialeafspot</name>
		<pose>Unspecified</pose>
		<truncated>0</truncated>
		<difficult>0</difficult>
		<bndbox>
			<xmin>80</xmin>
			<ymin>109</ymin>
			<xmax>89</xmax>
			<ymax>118</ymax>
		</bndbox>
	</object>
	<object>
		<name>Septorialeafspot</name>
		<pose>Unspecified</pose>
		<truncated>0</truncated>
		<difficult>0</difficult>
		<bndbox>
			<xmin>92</xmin>
			<ymin>100</ymin>
			<xmax>122</xmax>
			<ymax>114</ymax>
		</bndbox>
	</object>
	<object>
		<name>Septorialeafspot</name>
		<pose>Unspecified</pose>
		<truncated>0</truncated>
		<difficult>0</difficult>
		<bndbox>
			<xmin>35</xmin>
			<ymin>120</ymin>
			<xmax>58</xmax>
			<ymax>129</ymax>
		</bndbox>
	</object>
	<object>
		<name>Septorialeafspot</name>
		<pose>Unspecified</pose>
		<truncated>0</truncated>
		<difficult>0</difficult>
		<bndbox>
			<xmin>45</xmin>
			<ymin>102</ymin>
			<xmax>61</xmax>
			<ymax>112</ymax>
		</bndbox>
	</object>
	<object>
		<name>Septorialeafspot</name>
		<pose>Unspecified</pose>
		<truncated>0</truncated>
		<difficult>0</difficult>
		<bndbox>
			<xmin>34</xmin>
			<ymin>70</ymin>
			<xmax>49</xmax>
			<ymax>82</ymax>
		</bndbox>
	</object>
	<object>
		<name>Septorialeafspot</name>
		<pose>Unspecified</pose>
		<truncated>0</truncated>
		<difficult>0</difficult>
		<bndbox>
			<xmin>49</xmin>
			<ymin>69</ymin>
			<xmax>57</xmax>
			<ymax>78</ymax>
		</bndbox>
	</object>
	<object>
		<name>Septorialeafspot</name>
		<pose>Unspecified</pose>
		<truncated>0</truncated>
		<difficult>0</difficult>
		<bndbox>
			<xmin>76</xmin>
			<ymin>56</ymin>
			<xmax>93</xmax>
			<ymax>71</ymax>
		</bndbox>
	</object>
	<object>
		<name>Septorialeafspot</name>
		<pose>Unspecified</pose>
		<truncated>0</truncated>
		<difficult>0</difficult>
		<bndbox>
			<xmin>89</xmin>
			<ymin>47</ymin>
			<xmax>98</xmax>
			<ymax>55</ymax>
		</bndbox>
	</object>
	<object>
		<name>Septorialeafspot</name>
		<pose>Unspecified</pose>
		<truncated>0</truncated>
		<difficult>0</difficult>
		<bndbox>
			<xmin>94</xmin>
			<ymin>54</ymin>
			<xmax>104</xmax>
			<ymax>61</ymax>
		</bndbox>
	</object>
	<object>
		<name>Septorialeafspot</name>
		<pose>Unspecified</pose>
		<truncated>0</truncated>
		<difficult>0</difficult>
		<bndbox>
			<xmin>105</xmin>
			<ymin>43</ymin>
			<xmax>120</xmax>
			<ymax>60</ymax>
		</bndbox>
	</object>
	<object>
		<name>Septorialeafspot</name>
		<pose>Unspecified</pose>
		<truncated>0</truncated>
		<difficult>0</difficult>
		<bndbox>
			<xmin>109</xmin>
			<ymin>61</ymin>
			<xmax>121</xmax>
			<ymax>71</ymax>
		</bndbox>
	</object>
	<object>
		<name>Septorialeafspot</name>
		<pose>Unspecified</pose>
		<truncated>0</truncated>
		<difficult>0</difficult>
		<bndbox>
			<xmin>127</xmin>
			<ymin>47</ymin>
			<xmax>138</xmax>
			<ymax>54</ymax>
		</bndbox>
	</object>
	<object>
		<name>Septorialeafspot</name>
		<pose>Unspecified</pose>
		<truncated>0</truncated>
		<difficult>0</difficult>
		<bndbox>
			<xmin>138</xmin>
			<ymin>57</ymin>
			<xmax>147</xmax>
			<ymax>63</ymax>
		</bndbox>
	</object>
	<object>
		<name>Septorialeafspot</name>
		<pose>Unspecified</pose>
		<truncated>0</truncated>
		<difficult>0</difficult>
		<bndbox>
			<xmin>143</xmin>
			<ymin>87</ymin>
			<xmax>151</xmax>
			<ymax>95</ymax>
		</bndbox>
	</object>
	<object>
		<name>Septorialeafspot</name>
		<pose>Unspecified</pose>
		<truncated>0</truncated>
		<difficult>0</difficult>
		<bndbox>
			<xmin>135</xmin>
			<ymin>108</ymin>
			<xmax>149</xmax>
			<ymax>116</ymax>
		</bndbox>
	</object>
	<object>
		<name>Septorialeafspot</name>
		<pose>Unspecified</pose>
		<truncated>0</truncated>
		<difficult>0</difficult>
		<bndbox>
			<xmin>160</xmin>
			<ymin>82</ymin>
			<xmax>169</xmax>
			<ymax>96</ymax>
		</bndbox>
	</object>
	<object>
		<name>Septorialeafspot</name>
		<pose>Unspecified</pose>
		<truncated>0</truncated>
		<difficult>0</difficult>
		<bndbox>
			<xmin>88</xmin>
			<ymin>77</ymin>
			<xmax>98</xmax>
			<ymax>86</ymax>
		</bndbox>
	</object>
	<object>
		<name>Septorialeafspot</name>
		<pose>Unspecified</pose>
		<truncated>0</truncated>
		<difficult>0</difficult>
		<bndbox>
			<xmin>50</xmin>
			<ymin>86</ymin>
			<xmax>64</xmax>
			<ymax>100</ymax>
		</bndbox>
	</object>
	<object>
		<name>Septorialeafspot</name>
		<pose>Unspecified</pose>
		<truncated>0</truncated>
		<difficult>0</difficult>
		<bndbox>
			<xmin>95</xmin>
			<ymin>89</ymin>
			<xmax>114</xmax>
			<ymax>101</ymax>
		</bndbox>
	</object>
	<object>
		<name>Septorialeafspot</name>
		<pose>Unspecified</pose>
		<truncated>0</truncated>
		<difficult>0</difficult>
		<bndbox>
			<xmin>114</xmin>
			<ymin>83</ymin>
			<xmax>124</xmax>
			<ymax>92</ymax>
		</bndbox>
	</object>
	<object>
		<name>Septorialeafspot</name>
		<pose>Unspecified</pose>
		<truncated>0</truncated>
		<difficult>0</difficult>
		<bndbox>
			<xmin>192</xmin>
			<ymin>48</ymin>
			<xmax>199</xmax>
			<ymax>57</ymax>
		</bndbox>
	</object>
	<object>
		<name>Septorialeafspot</name>
		<pose>Unspecified</pose>
		<truncated>0</truncated>
		<difficult>0</difficult>
		<bndbox>
			<xmin>191</xmin>
			<ymin>60</ymin>
			<xmax>202</xmax>
			<ymax>71</ymax>
		</bndbox>
	</object>
	<object>
		<name>Septorialeafspot</name>
		<pose>Unspecified</pose>
		<truncated>0</truncated>
		<difficult>0</difficult>
		<bndbox>
			<xmin>220</xmin>
			<ymin>58</ymin>
			<xmax>225</xmax>
			<ymax>67</ymax>
		</bndbox>
	</object>
	<object>
		<name>Septorialeafspot</name>
		<pose>Unspecified</pose>
		<truncated>0</truncated>
		<difficult>0</difficult>
		<bndbox>
			<xmin>225</xmin>
			<ymin>83</ymin>
			<xmax>237</xmax>
			<ymax>94</ymax>
		</bndbox>
	</object>
	<object>
		<name>Septorialeafspot</name>
		<pose>Unspecified</pose>
		<truncated>0</truncated>
		<difficult>0</difficult>
		<bndbox>
			<xmin>213</xmin>
			<ymin>80</ymin>
			<xmax>225</xmax>
			<ymax>88</ymax>
		</bndbox>
	</object>
	<object>
		<name>Septorialeafspot</name>
		<pose>Unspecified</pose>
		<truncated>0</truncated>
		<difficult>0</difficult>
		<bndbox>
			<xmin>210</xmin>
			<ymin>93</ymin>
			<xmax>225</xmax>
			<ymax>105</ymax>
		</bndbox>
	</object>
	<object>
		<name>Septorialeafspot</name>
		<pose>Unspecified</pose>
		<truncated>0</truncated>
		<difficult>0</difficult>
		<bndbox>
			<xmin>218</xmin>
			<ymin>112</ymin>
			<xmax>233</xmax>
			<ymax>124</ymax>
		</bndbox>
	</object>
	<object>
		<name>Septorialeafspot</name>
		<pose>Unspecified</pose>
		<truncated>0</truncated>
		<difficult>0</difficult>
		<bndbox>
			<xmin>210</xmin>
			<ymin>137</ymin>
			<xmax>219</xmax>
			<ymax>149</ymax>
		</bndbox>
	</object>
	<object>
		<name>Septorialeafspot</name>
		<pose>Unspecified</pose>
		<truncated>0</truncated>
		<difficult>0</difficult>
		<bndbox>
			<xmin>232</xmin>
			<ymin>48</ymin>
			<xmax>240</xmax>
			<ymax>58</ymax>
		</bndbox>
	</object>
	<object>
		<name>Septorialeafspot</name>
		<pose>Unspecified</pose>
		<truncated>0</truncated>
		<difficult>0</difficult>
		<bndbox>
			<xmin>237</xmin>
			<ymin>65</ymin>
			<xmax>243</xmax>
			<ymax>74</ymax>
		</bndbox>
	</object>
</annotation>
