<annotation>
	<folder>Septorialeafspot叶枯病——图片</folder>
	<filename>4040.JPG</filename>
	<path>E:\AB打标签\Septorialeafspot叶枯病——图片\4040.JPG</path>
	<source>
		<database>Unknown</database>
	</source>
	<size>
		<width>256</width>
		<height>256</height>
		<depth>3</depth>
	</size>
	<segmented>0</segmented>
	<object>
		<name>Septorialeafspot</name>
		<pose>Unspecified</pose>
		<truncated>0</truncated>
		<difficult>0</difficult>
		<bndbox>
			<xmin>41</xmin>
			<ymin>35</ymin>
			<xmax>58</xmax>
			<ymax>52</ymax>
		</bndbox>
	</object>
	<object>
		<name>Septorialeafspot</name>
		<pose>Unspecified</pose>
		<truncated>0</truncated>
		<difficult>0</difficult>
		<bndbox>
			<xmin>21</xmin>
			<ymin>36</ymin>
			<xmax>29</xmax>
			<ymax>48</ymax>
		</bndbox>
	</object>
	<object>
		<name>Septorialeafspot</name>
		<pose>Unspecified</pose>
		<truncated>0</truncated>
		<difficult>0</difficult>
		<bndbox>
			<xmin>30</xmin>
			<ymin>28</ymin>
			<xmax>42</xmax>
			<ymax>41</ymax>
		</bndbox>
	</object>
	<object>
		<name>Septorialeafspot</name>
		<pose>Unspecified</pose>
		<truncated>0</truncated>
		<difficult>0</difficult>
		<bndbox>
			<xmin>60</xmin>
			<ymin>34</ymin>
			<xmax>68</xmax>
			<ymax>42</ymax>
		</bndbox>
	</object>
	<object>
		<name>Septorialeafspot</name>
		<pose>Unspecified</pose>
		<truncated>0</truncated>
		<difficult>0</difficult>
		<bndbox>
			<xmin>64</xmin>
			<ymin>44</ymin>
			<xmax>71</xmax>
			<ymax>61</ymax>
		</bndbox>
	</object>
	<object>
		<name>Septorialeafspot</name>
		<pose>Unspecified</pose>
		<truncated>0</truncated>
		<difficult>0</difficult>
		<bndbox>
			<xmin>71</xmin>
			<ymin>58</ymin>
			<xmax>78</xmax>
			<ymax>65</ymax>
		</bndbox>
	</object>
	<object>
		<name>Septorialeafspot</name>
		<pose>Unspecified</pose>
		<truncated>0</truncated>
		<difficult>0</difficult>
		<bndbox>
			<xmin>78</xmin>
			<ymin>39</ymin>
			<xmax>91</xmax>
			<ymax>53</ymax>
		</bndbox>
	</object>
	<object>
		<name>Septorialeafspot</name>
		<pose>Unspecified</pose>
		<truncated>0</truncated>
		<difficult>0</difficult>
		<bndbox>
			<xmin>100</xmin>
			<ymin>54</ymin>
			<xmax>111</xmax>
			<ymax>68</ymax>
		</bndbox>
	</object>
	<object>
		<name>Septorialeafspot</name>
		<pose>Unspecified</pose>
		<truncated>0</truncated>
		<difficult>0</difficult>
		<bndbox>
			<xmin>93</xmin>
			<ymin>78</ymin>
			<xmax>110</xmax>
			<ymax>98</ymax>
		</bndbox>
	</object>
	<object>
		<name>Septorialeafspot</name>
		<pose>Unspecified</pose>
		<truncated>0</truncated>
		<difficult>0</difficult>
		<bndbox>
			<xmin>143</xmin>
			<ymin>92</ymin>
			<xmax>151</xmax>
			<ymax>105</ymax>
		</bndbox>
	</object>
	<object>
		<name>Septorialeafspot</name>
		<pose>Unspecified</pose>
		<truncated>0</truncated>
		<difficult>0</difficult>
		<bndbox>
			<xmin>132</xmin>
			<ymin>63</ymin>
			<xmax>136</xmax>
			<ymax>68</ymax>
		</bndbox>
	</object>
	<object>
		<name>Septorialeafspot</name>
		<pose>Unspecified</pose>
		<truncated>0</truncated>
		<difficult>0</difficult>
		<bndbox>
			<xmin>139</xmin>
			<ymin>103</ymin>
			<xmax>143</xmax>
			<ymax>109</ymax>
		</bndbox>
	</object>
	<object>
		<name>Septorialeafspot</name>
		<pose>Unspecified</pose>
		<truncated>0</truncated>
		<difficult>0</difficult>
		<bndbox>
			<xmin>164</xmin>
			<ymin>130</ymin>
			<xmax>171</xmax>
			<ymax>134</ymax>
		</bndbox>
	</object>
	<object>
		<name>Septorialeafspot</name>
		<pose>Unspecified</pose>
		<truncated>0</truncated>
		<difficult>0</difficult>
		<bndbox>
			<xmin>168</xmin>
			<ymin>139</ymin>
			<xmax>173</xmax>
			<ymax>145</ymax>
		</bndbox>
	</object>
	<object>
		<name>Septorialeafspot</name>
		<pose>Unspecified</pose>
		<truncated>0</truncated>
		<difficult>0</difficult>
		<bndbox>
			<xmin>99</xmin>
			<ymin>134</ymin>
			<xmax>104</xmax>
			<ymax>139</ymax>
		</bndbox>
	</object>
</annotation>
