<annotation>
	<folder>Septorialeafspot叶枯病——图片</folder>
	<filename>4042.JPG</filename>
	<path>E:\AB打标签\Septorialeafspot叶枯病——图片\4042.JPG</path>
	<source>
		<database>Unknown</database>
	</source>
	<size>
		<width>256</width>
		<height>256</height>
		<depth>3</depth>
	</size>
	<segmented>0</segmented>
	<object>
		<name>Septorialeafspot</name>
		<pose>Unspecified</pose>
		<truncated>0</truncated>
		<difficult>0</difficult>
		<bndbox>
			<xmin>149</xmin>
			<ymin>151</ymin>
			<xmax>161</xmax>
			<ymax>162</ymax>
		</bndbox>
	</object>
	<object>
		<name>Septorialeafspot</name>
		<pose>Unspecified</pose>
		<truncated>0</truncated>
		<difficult>0</difficult>
		<bndbox>
			<xmin>136</xmin>
			<ymin>144</ymin>
			<xmax>146</xmax>
			<ymax>152</ymax>
		</bndbox>
	</object>
	<object>
		<name>Septorialeafspot</name>
		<pose>Unspecified</pose>
		<truncated>0</truncated>
		<difficult>0</difficult>
		<bndbox>
			<xmin>124</xmin>
			<ymin>138</ymin>
			<xmax>130</xmax>
			<ymax>143</ymax>
		</bndbox>
	</object>
	<object>
		<name>Septorialeafspot</name>
		<pose>Unspecified</pose>
		<truncated>0</truncated>
		<difficult>0</difficult>
		<bndbox>
			<xmin>176</xmin>
			<ymin>176</ymin>
			<xmax>193</xmax>
			<ymax>189</ymax>
		</bndbox>
	</object>
	<object>
		<name>Septorialeafspot</name>
		<pose>Unspecified</pose>
		<truncated>0</truncated>
		<difficult>0</difficult>
		<bndbox>
			<xmin>163</xmin>
			<ymin>167</ymin>
			<xmax>169</xmax>
			<ymax>173</ymax>
		</bndbox>
	</object>
	<object>
		<name>Septorialeafspot</name>
		<pose>Unspecified</pose>
		<truncated>0</truncated>
		<difficult>0</difficult>
		<bndbox>
			<xmin>158</xmin>
			<ymin>174</ymin>
			<xmax>165</xmax>
			<ymax>180</ymax>
		</bndbox>
	</object>
	<object>
		<name>Septorialeafspot</name>
		<pose>Unspecified</pose>
		<truncated>0</truncated>
		<difficult>0</difficult>
		<bndbox>
			<xmin>150</xmin>
			<ymin>180</ymin>
			<xmax>159</xmax>
			<ymax>186</ymax>
		</bndbox>
	</object>
	<object>
		<name>Septorialeafspot</name>
		<pose>Unspecified</pose>
		<truncated>0</truncated>
		<difficult>0</difficult>
		<bndbox>
			<xmin>159</xmin>
			<ymin>196</ymin>
			<xmax>171</xmax>
			<ymax>212</ymax>
		</bndbox>
	</object>
	<object>
		<name>Septorialeafspot</name>
		<pose>Unspecified</pose>
		<truncated>0</truncated>
		<difficult>0</difficult>
		<bndbox>
			<xmin>135</xmin>
			<ymin>186</ymin>
			<xmax>155</xmax>
			<ymax>195</ymax>
		</bndbox>
	</object>
	<object>
		<name>Septorialeafspot</name>
		<pose>Unspecified</pose>
		<truncated>0</truncated>
		<difficult>0</difficult>
		<bndbox>
			<xmin>108</xmin>
			<ymin>190</ymin>
			<xmax>128</xmax>
			<ymax>203</ymax>
		</bndbox>
	</object>
	<object>
		<name>Septorialeafspot</name>
		<pose>Unspecified</pose>
		<truncated>0</truncated>
		<difficult>0</difficult>
		<bndbox>
			<xmin>126</xmin>
			<ymin>205</ymin>
			<xmax>137</xmax>
			<ymax>211</ymax>
		</bndbox>
	</object>
	<object>
		<name>Septorialeafspot</name>
		<pose>Unspecified</pose>
		<truncated>0</truncated>
		<difficult>0</difficult>
		<bndbox>
			<xmin>77</xmin>
			<ymin>171</ymin>
			<xmax>101</xmax>
			<ymax>187</ymax>
		</bndbox>
	</object>
	<object>
		<name>Septorialeafspot</name>
		<pose>Unspecified</pose>
		<truncated>0</truncated>
		<difficult>0</difficult>
		<bndbox>
			<xmin>80</xmin>
			<ymin>154</ymin>
			<xmax>102</xmax>
			<ymax>164</ymax>
		</bndbox>
	</object>
	<object>
		<name>Septorialeafspot</name>
		<pose>Unspecified</pose>
		<truncated>0</truncated>
		<difficult>0</difficult>
		<bndbox>
			<xmin>94</xmin>
			<ymin>143</ymin>
			<xmax>111</xmax>
			<ymax>154</ymax>
		</bndbox>
	</object>
	<object>
		<name>Septorialeafspot</name>
		<pose>Unspecified</pose>
		<truncated>0</truncated>
		<difficult>0</difficult>
		<bndbox>
			<xmin>74</xmin>
			<ymin>134</ymin>
			<xmax>84</xmax>
			<ymax>146</ymax>
		</bndbox>
	</object>
	<object>
		<name>Septorialeafspot</name>
		<pose>Unspecified</pose>
		<truncated>0</truncated>
		<difficult>0</difficult>
		<bndbox>
			<xmin>73</xmin>
			<ymin>117</ymin>
			<xmax>80</xmax>
			<ymax>124</ymax>
		</bndbox>
	</object>
	<object>
		<name>Septorialeafspot</name>
		<pose>Unspecified</pose>
		<truncated>0</truncated>
		<difficult>0</difficult>
		<bndbox>
			<xmin>63</xmin>
			<ymin>106</ymin>
			<xmax>69</xmax>
			<ymax>113</ymax>
		</bndbox>
	</object>
	<object>
		<name>Septorialeafspot</name>
		<pose>Unspecified</pose>
		<truncated>0</truncated>
		<difficult>0</difficult>
		<bndbox>
			<xmin>178</xmin>
			<ymin>120</ymin>
			<xmax>191</xmax>
			<ymax>142</ymax>
		</bndbox>
	</object>
	<object>
		<name>Septorialeafspot</name>
		<pose>Unspecified</pose>
		<truncated>0</truncated>
		<difficult>0</difficult>
		<bndbox>
			<xmin>194</xmin>
			<ymin>117</ymin>
			<xmax>206</xmax>
			<ymax>131</ymax>
		</bndbox>
	</object>
	<object>
		<name>Septorialeafspot</name>
		<pose>Unspecified</pose>
		<truncated>0</truncated>
		<difficult>0</difficult>
		<bndbox>
			<xmin>194</xmin>
			<ymin>157</ymin>
			<xmax>210</xmax>
			<ymax>175</ymax>
		</bndbox>
	</object>
	<object>
		<name>Septorialeafspot</name>
		<pose>Unspecified</pose>
		<truncated>0</truncated>
		<difficult>0</difficult>
		<bndbox>
			<xmin>210</xmin>
			<ymin>139</ymin>
			<xmax>221</xmax>
			<ymax>164</ymax>
		</bndbox>
	</object>
	<object>
		<name>Septorialeafspot</name>
		<pose>Unspecified</pose>
		<truncated>0</truncated>
		<difficult>0</difficult>
		<bndbox>
			<xmin>203</xmin>
			<ymin>148</ymin>
			<xmax>210</xmax>
			<ymax>157</ymax>
		</bndbox>
	</object>
	<object>
		<name>Septorialeafspot</name>
		<pose>Unspecified</pose>
		<truncated>0</truncated>
		<difficult>0</difficult>
		<bndbox>
			<xmin>213</xmin>
			<ymin>125</ymin>
			<xmax>226</xmax>
			<ymax>140</ymax>
		</bndbox>
	</object>
	<object>
		<name>Septorialeafspot</name>
		<pose>Unspecified</pose>
		<truncated>0</truncated>
		<difficult>0</difficult>
		<bndbox>
			<xmin>196</xmin>
			<ymin>70</ymin>
			<xmax>206</xmax>
			<ymax>81</ymax>
		</bndbox>
	</object>
	<object>
		<name>Septorialeafspot</name>
		<pose>Unspecified</pose>
		<truncated>0</truncated>
		<difficult>0</difficult>
		<bndbox>
			<xmin>201</xmin>
			<ymin>85</ymin>
			<xmax>217</xmax>
			<ymax>99</ymax>
		</bndbox>
	</object>
	<object>
		<name>Septorialeafspot</name>
		<pose>Unspecified</pose>
		<truncated>0</truncated>
		<difficult>0</difficult>
		<bndbox>
			<xmin>212</xmin>
			<ymin>100</ymin>
			<xmax>227</xmax>
			<ymax>120</ymax>
		</bndbox>
	</object>
	<object>
		<name>Septorialeafspot</name>
		<pose>Unspecified</pose>
		<truncated>0</truncated>
		<difficult>0</difficult>
		<bndbox>
			<xmin>196</xmin>
			<ymin>99</ymin>
			<xmax>204</xmax>
			<ymax>107</ymax>
		</bndbox>
	</object>
	<object>
		<name>Septorialeafspot</name>
		<pose>Unspecified</pose>
		<truncated>0</truncated>
		<difficult>0</difficult>
		<bndbox>
			<xmin>192</xmin>
			<ymin>85</ymin>
			<xmax>197</xmax>
			<ymax>90</ymax>
		</bndbox>
	</object>
	<object>
		<name>Septorialeafspot</name>
		<pose>Unspecified</pose>
		<truncated>0</truncated>
		<difficult>0</difficult>
		<bndbox>
			<xmin>162</xmin>
			<ymin>126</ymin>
			<xmax>171</xmax>
			<ymax>134</ymax>
		</bndbox>
	</object>
	<object>
		<name>Septorialeafspot</name>
		<pose>Unspecified</pose>
		<truncated>0</truncated>
		<difficult>0</difficult>
		<bndbox>
			<xmin>166</xmin>
			<ymin>90</ymin>
			<xmax>175</xmax>
			<ymax>101</ymax>
		</bndbox>
	</object>
	<object>
		<name>Septorialeafspot</name>
		<pose>Unspecified</pose>
		<truncated>0</truncated>
		<difficult>0</difficult>
		<bndbox>
			<xmin>157</xmin>
			<ymin>59</ymin>
			<xmax>172</xmax>
			<ymax>74</ymax>
		</bndbox>
	</object>
	<object>
		<name>Septorialeafspot</name>
		<pose>Unspecified</pose>
		<truncated>0</truncated>
		<difficult>0</difficult>
		<bndbox>
			<xmin>165</xmin>
			<ymin>79</ymin>
			<xmax>176</xmax>
			<ymax>85</ymax>
		</bndbox>
	</object>
	<object>
		<name>Septorialeafspot</name>
		<pose>Unspecified</pose>
		<truncated>0</truncated>
		<difficult>0</difficult>
		<bndbox>
			<xmin>129</xmin>
			<ymin>60</ymin>
			<xmax>141</xmax>
			<ymax>74</ymax>
		</bndbox>
	</object>
	<object>
		<name>Septorialeafspot</name>
		<pose>Unspecified</pose>
		<truncated>0</truncated>
		<difficult>0</difficult>
		<bndbox>
			<xmin>137</xmin>
			<ymin>87</ymin>
			<xmax>148</xmax>
			<ymax>95</ymax>
		</bndbox>
	</object>
	<object>
		<name>Septorialeafspot</name>
		<pose>Unspecified</pose>
		<truncated>0</truncated>
		<difficult>0</difficult>
		<bndbox>
			<xmin>151</xmin>
			<ymin>105</ymin>
			<xmax>160</xmax>
			<ymax>113</ymax>
		</bndbox>
	</object>
	<object>
		<name>Septorialeafspot</name>
		<pose>Unspecified</pose>
		<truncated>0</truncated>
		<difficult>0</difficult>
		<bndbox>
			<xmin>135</xmin>
			<ymin>117</ymin>
			<xmax>144</xmax>
			<ymax>124</ymax>
		</bndbox>
	</object>
	<object>
		<name>Septorialeafspot</name>
		<pose>Unspecified</pose>
		<truncated>0</truncated>
		<difficult>0</difficult>
		<bndbox>
			<xmin>97</xmin>
			<ymin>38</ymin>
			<xmax>107</xmax>
			<ymax>51</ymax>
		</bndbox>
	</object>
	<object>
		<name>Septorialeafspot</name>
		<pose>Unspecified</pose>
		<truncated>0</truncated>
		<difficult>0</difficult>
		<bndbox>
			<xmin>103</xmin>
			<ymin>29</ymin>
			<xmax>109</xmax>
			<ymax>38</ymax>
		</bndbox>
	</object>
	<object>
		<name>Septorialeafspot</name>
		<pose>Unspecified</pose>
		<truncated>0</truncated>
		<difficult>0</difficult>
		<bndbox>
			<xmin>118</xmin>
			<ymin>39</ymin>
			<xmax>127</xmax>
			<ymax>48</ymax>
		</bndbox>
	</object>
	<object>
		<name>Septorialeafspot</name>
		<pose>Unspecified</pose>
		<truncated>0</truncated>
		<difficult>0</difficult>
		<bndbox>
			<xmin>138</xmin>
			<ymin>41</ymin>
			<xmax>149</xmax>
			<ymax>51</ymax>
		</bndbox>
	</object>
	<object>
		<name>Septorialeafspot</name>
		<pose>Unspecified</pose>
		<truncated>0</truncated>
		<difficult>0</difficult>
		<bndbox>
			<xmin>71</xmin>
			<ymin>48</ymin>
			<xmax>78</xmax>
			<ymax>54</ymax>
		</bndbox>
	</object>
	<object>
		<name>Septorialeafspot</name>
		<pose>Unspecified</pose>
		<truncated>0</truncated>
		<difficult>0</difficult>
		<bndbox>
			<xmin>75</xmin>
			<ymin>80</ymin>
			<xmax>82</xmax>
			<ymax>87</ymax>
		</bndbox>
	</object>
	<object>
		<name>Septorialeafspot</name>
		<pose>Unspecified</pose>
		<truncated>0</truncated>
		<difficult>0</difficult>
		<bndbox>
			<xmin>192</xmin>
			<ymin>198</ymin>
			<xmax>197</xmax>
			<ymax>204</ymax>
		</bndbox>
	</object>
	<object>
		<name>Septorialeafspot</name>
		<pose>Unspecified</pose>
		<truncated>0</truncated>
		<difficult>0</difficult>
		<bndbox>
			<xmin>120</xmin>
			<ymin>161</ymin>
			<xmax>126</xmax>
			<ymax>167</ymax>
		</bndbox>
	</object>
	<object>
		<name>Septorialeafspot</name>
		<pose>Unspecified</pose>
		<truncated>0</truncated>
		<difficult>0</difficult>
		<bndbox>
			<xmin>64</xmin>
			<ymin>18</ymin>
			<xmax>71</xmax>
			<ymax>25</ymax>
		</bndbox>
	</object>
</annotation>
