<annotation>
	<folder>Septorialeafspot叶枯病——图片</folder>
	<filename>4261.JPG</filename>
	<path>E:\AB打标签\Septorialeafspot叶枯病——图片\4261.JPG</path>
	<source>
		<database>Unknown</database>
	</source>
	<size>
		<width>256</width>
		<height>256</height>
		<depth>3</depth>
	</size>
	<segmented>0</segmented>
	<object>
		<name>Septorialeafspot</name>
		<pose>Unspecified</pose>
		<truncated>0</truncated>
		<difficult>0</difficult>
		<bndbox>
			<xmin>119</xmin>
			<ymin>189</ymin>
			<xmax>133</xmax>
			<ymax>203</ymax>
		</bndbox>
	</object>
	<object>
		<name>Septorialeafspot</name>
		<pose>Unspecified</pose>
		<truncated>0</truncated>
		<difficult>0</difficult>
		<bndbox>
			<xmin>62</xmin>
			<ymin>183</ymin>
			<xmax>73</xmax>
			<ymax>195</ymax>
		</bndbox>
	</object>
	<object>
		<name>Septorialeafspot</name>
		<pose>Unspecified</pose>
		<truncated>0</truncated>
		<difficult>0</difficult>
		<bndbox>
			<xmin>22</xmin>
			<ymin>153</ymin>
			<xmax>32</xmax>
			<ymax>160</ymax>
		</bndbox>
	</object>
	<object>
		<name>Septorialeafspot</name>
		<pose>Unspecified</pose>
		<truncated>0</truncated>
		<difficult>0</difficult>
		<bndbox>
			<xmin>55</xmin>
			<ymin>139</ymin>
			<xmax>92</xmax>
			<ymax>154</ymax>
		</bndbox>
	</object>
	<object>
		<name>Septorialeafspot</name>
		<pose>Unspecified</pose>
		<truncated>0</truncated>
		<difficult>0</difficult>
		<bndbox>
			<xmin>32</xmin>
			<ymin>110</ymin>
			<xmax>46</xmax>
			<ymax>120</ymax>
		</bndbox>
	</object>
	<object>
		<name>Septorialeafspot</name>
		<pose>Unspecified</pose>
		<truncated>0</truncated>
		<difficult>0</difficult>
		<bndbox>
			<xmin>40</xmin>
			<ymin>127</ymin>
			<xmax>58</xmax>
			<ymax>138</ymax>
		</bndbox>
	</object>
	<object>
		<name>Septorialeafspot</name>
		<pose>Unspecified</pose>
		<truncated>0</truncated>
		<difficult>0</difficult>
		<bndbox>
			<xmin>47</xmin>
			<ymin>121</ymin>
			<xmax>63</xmax>
			<ymax>127</ymax>
		</bndbox>
	</object>
	<object>
		<name>Septorialeafspot</name>
		<pose>Unspecified</pose>
		<truncated>0</truncated>
		<difficult>0</difficult>
		<bndbox>
			<xmin>63</xmin>
			<ymin>115</ymin>
			<xmax>72</xmax>
			<ymax>122</ymax>
		</bndbox>
	</object>
	<object>
		<name>Septorialeafspot</name>
		<pose>Unspecified</pose>
		<truncated>0</truncated>
		<difficult>0</difficult>
		<bndbox>
			<xmin>99</xmin>
			<ymin>71</ymin>
			<xmax>117</xmax>
			<ymax>84</ymax>
		</bndbox>
	</object>
	<object>
		<name>Septorialeafspot</name>
		<pose>Unspecified</pose>
		<truncated>0</truncated>
		<difficult>0</difficult>
		<bndbox>
			<xmin>113</xmin>
			<ymin>38</ymin>
			<xmax>129</xmax>
			<ymax>49</ymax>
		</bndbox>
	</object>
	<object>
		<name>Septorialeafspot</name>
		<pose>Unspecified</pose>
		<truncated>0</truncated>
		<difficult>0</difficult>
		<bndbox>
			<xmin>132</xmin>
			<ymin>87</ymin>
			<xmax>143</xmax>
			<ymax>100</ymax>
		</bndbox>
	</object>
	<object>
		<name>Septorialeafspot</name>
		<pose>Unspecified</pose>
		<truncated>0</truncated>
		<difficult>0</difficult>
		<bndbox>
			<xmin>184</xmin>
			<ymin>124</ymin>
			<xmax>203</xmax>
			<ymax>148</ymax>
		</bndbox>
	</object>
	<object>
		<name>Septorialeafspot</name>
		<pose>Unspecified</pose>
		<truncated>0</truncated>
		<difficult>0</difficult>
		<bndbox>
			<xmin>58</xmin>
			<ymin>100</ymin>
			<xmax>95</xmax>
			<ymax>116</ymax>
		</bndbox>
	</object>
	<object>
		<name>Septorialeafspot</name>
		<pose>Unspecified</pose>
		<truncated>0</truncated>
		<difficult>0</difficult>
		<bndbox>
			<xmin>26</xmin>
			<ymin>100</ymin>
			<xmax>59</xmax>
			<ymax>109</ymax>
		</bndbox>
	</object>
	<object>
		<name>Septorialeafspot</name>
		<pose>Unspecified</pose>
		<truncated>0</truncated>
		<difficult>0</difficult>
		<bndbox>
			<xmin>39</xmin>
			<ymin>76</ymin>
			<xmax>46</xmax>
			<ymax>100</ymax>
		</bndbox>
	</object>
	<object>
		<name>Septorialeafspot</name>
		<pose>Unspecified</pose>
		<truncated>0</truncated>
		<difficult>0</difficult>
		<bndbox>
			<xmin>47</xmin>
			<ymin>76</ymin>
			<xmax>59</xmax>
			<ymax>100</ymax>
		</bndbox>
	</object>
	<object>
		<name>Septorialeafspot</name>
		<pose>Unspecified</pose>
		<truncated>0</truncated>
		<difficult>0</difficult>
		<bndbox>
			<xmin>35</xmin>
			<ymin>45</ymin>
			<xmax>65</xmax>
			<ymax>75</ymax>
		</bndbox>
	</object>
	<object>
		<name>Septorialeafspot</name>
		<pose>Unspecified</pose>
		<truncated>0</truncated>
		<difficult>0</difficult>
		<bndbox>
			<xmin>36</xmin>
			<ymin>164</ymin>
			<xmax>43</xmax>
			<ymax>179</ymax>
		</bndbox>
	</object>
	<object>
		<name>Septorialeafspot</name>
		<pose>Unspecified</pose>
		<truncated>0</truncated>
		<difficult>0</difficult>
		<bndbox>
			<xmin>38</xmin>
			<ymin>156</ymin>
			<xmax>44</xmax>
			<ymax>164</ymax>
		</bndbox>
	</object>
	<object>
		<name>Septorialeafspot</name>
		<pose>Unspecified</pose>
		<truncated>0</truncated>
		<difficult>0</difficult>
		<bndbox>
			<xmin>45</xmin>
			<ymin>156</ymin>
			<xmax>54</xmax>
			<ymax>169</ymax>
		</bndbox>
	</object>
	<object>
		<name>Septorialeafspot</name>
		<pose>Unspecified</pose>
		<truncated>0</truncated>
		<difficult>0</difficult>
		<bndbox>
			<xmin>55</xmin>
			<ymin>157</ymin>
			<xmax>67</xmax>
			<ymax>171</ymax>
		</bndbox>
	</object>
	<object>
		<name>Septorialeafspot</name>
		<pose>Unspecified</pose>
		<truncated>0</truncated>
		<difficult>0</difficult>
		<bndbox>
			<xmin>76</xmin>
			<ymin>176</ymin>
			<xmax>89</xmax>
			<ymax>189</ymax>
		</bndbox>
	</object>
	<object>
		<name>Septorialeafspot</name>
		<pose>Unspecified</pose>
		<truncated>0</truncated>
		<difficult>0</difficult>
		<bndbox>
			<xmin>89</xmin>
			<ymin>176</ymin>
			<xmax>101</xmax>
			<ymax>189</ymax>
		</bndbox>
	</object>
	<object>
		<name>Septorialeafspot</name>
		<pose>Unspecified</pose>
		<truncated>0</truncated>
		<difficult>0</difficult>
		<bndbox>
			<xmin>73</xmin>
			<ymin>199</ymin>
			<xmax>92</xmax>
			<ymax>210</ymax>
		</bndbox>
	</object>
	<object>
		<name>Septorialeafspot</name>
		<pose>Unspecified</pose>
		<truncated>0</truncated>
		<difficult>0</difficult>
		<bndbox>
			<xmin>92</xmin>
			<ymin>194</ymin>
			<xmax>106</xmax>
			<ymax>209</ymax>
		</bndbox>
	</object>
	<object>
		<name>Septorialeafspot</name>
		<pose>Unspecified</pose>
		<truncated>0</truncated>
		<difficult>0</difficult>
		<bndbox>
			<xmin>207</xmin>
			<ymin>129</ymin>
			<xmax>214</xmax>
			<ymax>139</ymax>
		</bndbox>
	</object>
</annotation>
