<annotation>
	<folder>Septorialeafspot叶枯病——图片</folder>
	<filename>4269.JPG</filename>
	<path>E:\AB打标签\Septorialeafspot叶枯病——图片\4269.JPG</path>
	<source>
		<database>Unknown</database>
	</source>
	<size>
		<width>256</width>
		<height>256</height>
		<depth>3</depth>
	</size>
	<segmented>0</segmented>
	<object>
		<name>Septorialeafspot</name>
		<pose>Unspecified</pose>
		<truncated>0</truncated>
		<difficult>0</difficult>
		<bndbox>
			<xmin>125</xmin>
			<ymin>153</ymin>
			<xmax>141</xmax>
			<ymax>162</ymax>
		</bndbox>
	</object>
	<object>
		<name>Septorialeafspot</name>
		<pose>Unspecified</pose>
		<truncated>0</truncated>
		<difficult>0</difficult>
		<bndbox>
			<xmin>123</xmin>
			<ymin>164</ymin>
			<xmax>131</xmax>
			<ymax>178</ymax>
		</bndbox>
	</object>
	<object>
		<name>Septorialeafspot</name>
		<pose>Unspecified</pose>
		<truncated>0</truncated>
		<difficult>0</difficult>
		<bndbox>
			<xmin>133</xmin>
			<ymin>166</ymin>
			<xmax>140</xmax>
			<ymax>174</ymax>
		</bndbox>
	</object>
	<object>
		<name>Septorialeafspot</name>
		<pose>Unspecified</pose>
		<truncated>0</truncated>
		<difficult>0</difficult>
		<bndbox>
			<xmin>134</xmin>
			<ymin>175</ymin>
			<xmax>148</xmax>
			<ymax>182</ymax>
		</bndbox>
	</object>
	<object>
		<name>Septorialeafspot</name>
		<pose>Unspecified</pose>
		<truncated>0</truncated>
		<difficult>0</difficult>
		<bndbox>
			<xmin>149</xmin>
			<ymin>167</ymin>
			<xmax>155</xmax>
			<ymax>174</ymax>
		</bndbox>
	</object>
	<object>
		<name>Septorialeafspot</name>
		<pose>Unspecified</pose>
		<truncated>0</truncated>
		<difficult>0</difficult>
		<bndbox>
			<xmin>159</xmin>
			<ymin>148</ymin>
			<xmax>167</xmax>
			<ymax>163</ymax>
		</bndbox>
	</object>
	<object>
		<name>Septorialeafspot</name>
		<pose>Unspecified</pose>
		<truncated>0</truncated>
		<difficult>0</difficult>
		<bndbox>
			<xmin>158</xmin>
			<ymin>165</ymin>
			<xmax>169</xmax>
			<ymax>178</ymax>
		</bndbox>
	</object>
	<object>
		<name>Septorialeafspot</name>
		<pose>Unspecified</pose>
		<truncated>0</truncated>
		<difficult>0</difficult>
		<bndbox>
			<xmin>125</xmin>
			<ymin>192</ymin>
			<xmax>141</xmax>
			<ymax>200</ymax>
		</bndbox>
	</object>
	<object>
		<name>Septorialeafspot</name>
		<pose>Unspecified</pose>
		<truncated>0</truncated>
		<difficult>0</difficult>
		<bndbox>
			<xmin>151</xmin>
			<ymin>179</ymin>
			<xmax>161</xmax>
			<ymax>190</ymax>
		</bndbox>
	</object>
	<object>
		<name>Septorialeafspot</name>
		<pose>Unspecified</pose>
		<truncated>0</truncated>
		<difficult>0</difficult>
		<bndbox>
			<xmin>171</xmin>
			<ymin>172</ymin>
			<xmax>178</xmax>
			<ymax>182</ymax>
		</bndbox>
	</object>
	<object>
		<name>Septorialeafspot</name>
		<pose>Unspecified</pose>
		<truncated>0</truncated>
		<difficult>0</difficult>
		<bndbox>
			<xmin>172</xmin>
			<ymin>183</ymin>
			<xmax>179</xmax>
			<ymax>191</ymax>
		</bndbox>
	</object>
	<object>
		<name>Septorialeafspot</name>
		<pose>Unspecified</pose>
		<truncated>0</truncated>
		<difficult>0</difficult>
		<bndbox>
			<xmin>175</xmin>
			<ymin>191</ymin>
			<xmax>181</xmax>
			<ymax>209</ymax>
		</bndbox>
	</object>
	<object>
		<name>Septorialeafspot</name>
		<pose>Unspecified</pose>
		<truncated>0</truncated>
		<difficult>0</difficult>
		<bndbox>
			<xmin>160</xmin>
			<ymin>192</ymin>
			<xmax>166</xmax>
			<ymax>198</ymax>
		</bndbox>
	</object>
	<object>
		<name>Septorialeafspot</name>
		<pose>Unspecified</pose>
		<truncated>0</truncated>
		<difficult>0</difficult>
		<bndbox>
			<xmin>165</xmin>
			<ymin>198</ymin>
			<xmax>174</xmax>
			<ymax>204</ymax>
		</bndbox>
	</object>
	<object>
		<name>Septorialeafspot</name>
		<pose>Unspecified</pose>
		<truncated>0</truncated>
		<difficult>0</difficult>
		<bndbox>
			<xmin>160</xmin>
			<ymin>203</ymin>
			<xmax>166</xmax>
			<ymax>208</ymax>
		</bndbox>
	</object>
	<object>
		<name>Septorialeafspot</name>
		<pose>Unspecified</pose>
		<truncated>0</truncated>
		<difficult>0</difficult>
		<bndbox>
			<xmin>146</xmin>
			<ymin>193</ymin>
			<xmax>158</xmax>
			<ymax>203</ymax>
		</bndbox>
	</object>
	<object>
		<name>Septorialeafspot</name>
		<pose>Unspecified</pose>
		<truncated>0</truncated>
		<difficult>0</difficult>
		<bndbox>
			<xmin>138</xmin>
			<ymin>202</ymin>
			<xmax>145</xmax>
			<ymax>214</ymax>
		</bndbox>
	</object>
	<object>
		<name>Septorialeafspot</name>
		<pose>Unspecified</pose>
		<truncated>0</truncated>
		<difficult>0</difficult>
		<bndbox>
			<xmin>136</xmin>
			<ymin>215</ymin>
			<xmax>146</xmax>
			<ymax>224</ymax>
		</bndbox>
	</object>
	<object>
		<name>Septorialeafspot</name>
		<pose>Unspecified</pose>
		<truncated>0</truncated>
		<difficult>0</difficult>
		<bndbox>
			<xmin>154</xmin>
			<ymin>215</ymin>
			<xmax>161</xmax>
			<ymax>227</ymax>
		</bndbox>
	</object>
	<object>
		<name>Septorialeafspot</name>
		<pose>Unspecified</pose>
		<truncated>0</truncated>
		<difficult>0</difficult>
		<bndbox>
			<xmin>159</xmin>
			<ymin>228</ymin>
			<xmax>172</xmax>
			<ymax>236</ymax>
		</bndbox>
	</object>
	<object>
		<name>Septorialeafspot</name>
		<pose>Unspecified</pose>
		<truncated>0</truncated>
		<difficult>0</difficult>
		<bndbox>
			<xmin>155</xmin>
			<ymin>245</ymin>
			<xmax>166</xmax>
			<ymax>255</ymax>
		</bndbox>
	</object>
	<object>
		<name>Septorialeafspot</name>
		<pose>Unspecified</pose>
		<truncated>0</truncated>
		<difficult>0</difficult>
		<bndbox>
			<xmin>180</xmin>
			<ymin>135</ymin>
			<xmax>186</xmax>
			<ymax>145</ymax>
		</bndbox>
	</object>
	<object>
		<name>Septorialeafspot</name>
		<pose>Unspecified</pose>
		<truncated>0</truncated>
		<difficult>0</difficult>
		<bndbox>
			<xmin>169</xmin>
			<ymin>49</ymin>
			<xmax>179</xmax>
			<ymax>59</ymax>
		</bndbox>
	</object>
	<object>
		<name>Septorialeafspot</name>
		<pose>Unspecified</pose>
		<truncated>0</truncated>
		<difficult>0</difficult>
		<bndbox>
			<xmin>156</xmin>
			<ymin>50</ymin>
			<xmax>165</xmax>
			<ymax>58</ymax>
		</bndbox>
	</object>
	<object>
		<name>Septorialeafspot</name>
		<pose>Unspecified</pose>
		<truncated>0</truncated>
		<difficult>0</difficult>
		<bndbox>
			<xmin>155</xmin>
			<ymin>39</ymin>
			<xmax>168</xmax>
			<ymax>49</ymax>
		</bndbox>
	</object>
	<object>
		<name>Septorialeafspot</name>
		<pose>Unspecified</pose>
		<truncated>0</truncated>
		<difficult>0</difficult>
		<bndbox>
			<xmin>91</xmin>
			<ymin>71</ymin>
			<xmax>101</xmax>
			<ymax>86</ymax>
		</bndbox>
	</object>
	<object>
		<name>Septorialeafspot</name>
		<pose>Unspecified</pose>
		<truncated>0</truncated>
		<difficult>0</difficult>
		<bndbox>
			<xmin>107</xmin>
			<ymin>70</ymin>
			<xmax>116</xmax>
			<ymax>84</ymax>
		</bndbox>
	</object>
</annotation>
