<annotation>
	<folder>1000Earlyblight早疫病 - 副本</folder>
	<filename>1370.JPG</filename>
	<path>C:\Users\13007\Desktop\1000Earlyblight早疫病 - 副本\1370.JPG</path>
	<source>
		<database>Unknown</database>
	</source>
	<size>
		<width>256</width>
		<height>256</height>
		<depth>3</depth>
	</size>
	<segmented>0</segmented>
	<object>
		<name>Earlyblight</name>
		<pose>Unspecified</pose>
		<truncated>0</truncated>
		<difficult>0</difficult>
		<bndbox>
			<xmin>105</xmin>
			<ymin>121</ymin>
			<xmax>117</xmax>
			<ymax>129</ymax>
		</bndbox>
	</object>
	<object>
		<name>Earlyblight</name>
		<pose>Unspecified</pose>
		<truncated>0</truncated>
		<difficult>0</difficult>
		<bndbox>
			<xmin>36</xmin>
			<ymin>150</ymin>
			<xmax>45</xmax>
			<ymax>157</ymax>
		</bndbox>
	</object>
	<object>
		<name>Earlyblight</name>
		<pose>Unspecified</pose>
		<truncated>0</truncated>
		<difficult>0</difficult>
		<bndbox>
			<xmin>85</xmin>
			<ymin>133</ymin>
			<xmax>96</xmax>
			<ymax>143</ymax>
		</bndbox>
	</object>
	<object>
		<name>Earlyblight</name>
		<pose>Unspecified</pose>
		<truncated>0</truncated>
		<difficult>0</difficult>
		<bndbox>
			<xmin>84</xmin>
			<ymin>72</ymin>
			<xmax>103</xmax>
			<ymax>83</ymax>
		</bndbox>
	</object>
	<object>
		<name>Earlyblight</name>
		<pose>Unspecified</pose>
		<truncated>0</truncated>
		<difficult>0</difficult>
		<bndbox>
			<xmin>120</xmin>
			<ymin>110</ymin>
			<xmax>129</xmax>
			<ymax>120</ymax>
		</bndbox>
	</object>
	<object>
		<name>Earlyblight</name>
		<pose>Unspecified</pose>
		<truncated>0</truncated>
		<difficult>0</difficult>
		<bndbox>
			<xmin>99</xmin>
			<ymin>185</ymin>
			<xmax>112</xmax>
			<ymax>192</ymax>
		</bndbox>
	</object>
</annotation>
