<annotation>
	<folder>1000Earlyblight早疫病 - 副本</folder>
	<filename>1460.JPG</filename>
	<path>C:\Users\13007\Desktop\1000Earlyblight早疫病 - 副本\1460.JPG</path>
	<source>
		<database>Unknown</database>
	</source>
	<size>
		<width>256</width>
		<height>256</height>
		<depth>3</depth>
	</size>
	<segmented>0</segmented>
	<object>
		<name>Earlyblight</name>
		<pose>Unspecified</pose>
		<truncated>0</truncated>
		<difficult>0</difficult>
		<bndbox>
			<xmin>106</xmin>
			<ymin>85</ymin>
			<xmax>127</xmax>
			<ymax>101</ymax>
		</bndbox>
	</object>
	<object>
		<name>Earlyblight</name>
		<pose>Unspecified</pose>
		<truncated>0</truncated>
		<difficult>0</difficult>
		<bndbox>
			<xmin>113</xmin>
			<ymin>154</ymin>
			<xmax>125</xmax>
			<ymax>163</ymax>
		</bndbox>
	</object>
	<object>
		<name>Earlyblight</name>
		<pose>Unspecified</pose>
		<truncated>0</truncated>
		<difficult>0</difficult>
		<bndbox>
			<xmin>134</xmin>
			<ymin>174</ymin>
			<xmax>158</xmax>
			<ymax>184</ymax>
		</bndbox>
	</object>
	<object>
		<name>Earlyblight</name>
		<pose>Unspecified</pose>
		<truncated>0</truncated>
		<difficult>0</difficult>
		<bndbox>
			<xmin>148</xmin>
			<ymin>155</ymin>
			<xmax>174</xmax>
			<ymax>171</ymax>
		</bndbox>
	</object>
	<object>
		<name>Earlyblight</name>
		<pose>Unspecified</pose>
		<truncated>0</truncated>
		<difficult>0</difficult>
		<bndbox>
			<xmin>115</xmin>
			<ymin>203</ymin>
			<xmax>131</xmax>
			<ymax>216</ymax>
		</bndbox>
	</object>
	<object>
		<name>Earlyblight</name>
		<pose>Unspecified</pose>
		<truncated>0</truncated>
		<difficult>0</difficult>
		<bndbox>
			<xmin>42</xmin>
			<ymin>160</ymin>
			<xmax>75</xmax>
			<ymax>180</ymax>
		</bndbox>
	</object>
	<object>
		<name>Earlyblight</name>
		<pose>Unspecified</pose>
		<truncated>0</truncated>
		<difficult>0</difficult>
		<bndbox>
			<xmin>27</xmin>
			<ymin>127</ymin>
			<xmax>86</xmax>
			<ymax>145</ymax>
		</bndbox>
	</object>
	<object>
		<name>Earlyblight</name>
		<pose>Unspecified</pose>
		<truncated>0</truncated>
		<difficult>0</difficult>
		<bndbox>
			<xmin>35</xmin>
			<ymin>83</ymin>
			<xmax>85</xmax>
			<ymax>126</ymax>
		</bndbox>
	</object>
	<object>
		<name>Earlyblight</name>
		<pose>Unspecified</pose>
		<truncated>0</truncated>
		<difficult>0</difficult>
		<bndbox>
			<xmin>40</xmin>
			<ymin>73</ymin>
			<xmax>83</xmax>
			<ymax>83</ymax>
		</bndbox>
	</object>
	<object>
		<name>Earlyblight</name>
		<pose>Unspecified</pose>
		<truncated>0</truncated>
		<difficult>0</difficult>
		<bndbox>
			<xmin>102</xmin>
			<ymin>49</ymin>
			<xmax>123</xmax>
			<ymax>66</ymax>
		</bndbox>
	</object>
	<object>
		<name>Earlyblight</name>
		<pose>Unspecified</pose>
		<truncated>0</truncated>
		<difficult>0</difficult>
		<bndbox>
			<xmin>96</xmin>
			<ymin>121</ymin>
			<xmax>110</xmax>
			<ymax>134</ymax>
		</bndbox>
	</object>
	<object>
		<name>Earlyblight</name>
		<pose>Unspecified</pose>
		<truncated>0</truncated>
		<difficult>0</difficult>
		<bndbox>
			<xmin>94</xmin>
			<ymin>106</ymin>
			<xmax>104</xmax>
			<ymax>116</ymax>
		</bndbox>
	</object>
	<object>
		<name>Earlyblight</name>
		<pose>Unspecified</pose>
		<truncated>0</truncated>
		<difficult>0</difficult>
		<bndbox>
			<xmin>92</xmin>
			<ymin>200</ymin>
			<xmax>105</xmax>
			<ymax>208</ymax>
		</bndbox>
	</object>
	<object>
		<name>Earlyblight</name>
		<pose>Unspecified</pose>
		<truncated>0</truncated>
		<difficult>0</difficult>
		<bndbox>
			<xmin>157</xmin>
			<ymin>109</ymin>
			<xmax>169</xmax>
			<ymax>124</ymax>
		</bndbox>
	</object>
	<object>
		<name>Earlyblight</name>
		<pose>Unspecified</pose>
		<truncated>0</truncated>
		<difficult>0</difficult>
		<bndbox>
			<xmin>191</xmin>
			<ymin>167</ymin>
			<xmax>222</xmax>
			<ymax>177</ymax>
		</bndbox>
	</object>
	<object>
		<name>Earlyblight</name>
		<pose>Unspecified</pose>
		<truncated>0</truncated>
		<difficult>0</difficult>
		<bndbox>
			<xmin>201</xmin>
			<ymin>131</ymin>
			<xmax>224</xmax>
			<ymax>160</ymax>
		</bndbox>
	</object>
	<object>
		<name>Earlyblight</name>
		<pose>Unspecified</pose>
		<truncated>0</truncated>
		<difficult>0</difficult>
		<bndbox>
			<xmin>181</xmin>
			<ymin>146</ymin>
			<xmax>201</xmax>
			<ymax>159</ymax>
		</bndbox>
	</object>
	<object>
		<name>Earlyblight</name>
		<pose>Unspecified</pose>
		<truncated>0</truncated>
		<difficult>0</difficult>
		<bndbox>
			<xmin>188</xmin>
			<ymin>196</ymin>
			<xmax>203</xmax>
			<ymax>207</ymax>
		</bndbox>
	</object>
	<object>
		<name>Earlyblight</name>
		<pose>Unspecified</pose>
		<truncated>0</truncated>
		<difficult>0</difficult>
		<bndbox>
			<xmin>132</xmin>
			<ymin>226</ymin>
			<xmax>159</xmax>
			<ymax>235</ymax>
		</bndbox>
	</object>
	<object>
		<name>Earlyblight</name>
		<pose>Unspecified</pose>
		<truncated>0</truncated>
		<difficult>0</difficult>
		<bndbox>
			<xmin>76</xmin>
			<ymin>173</ymin>
			<xmax>87</xmax>
			<ymax>190</ymax>
		</bndbox>
	</object>
	<object>
		<name>Earlyblight</name>
		<pose>Unspecified</pose>
		<truncated>0</truncated>
		<difficult>0</difficult>
		<bndbox>
			<xmin>36</xmin>
			<ymin>146</ymin>
			<xmax>59</xmax>
			<ymax>161</ymax>
		</bndbox>
	</object>
	<object>
		<name>Earlyblight</name>
		<pose>Unspecified</pose>
		<truncated>0</truncated>
		<difficult>0</difficult>
		<bndbox>
			<xmin>151</xmin>
			<ymin>82</ymin>
			<xmax>163</xmax>
			<ymax>92</ymax>
		</bndbox>
	</object>
	<object>
		<name>Earlyblight</name>
		<pose>Unspecified</pose>
		<truncated>0</truncated>
		<difficult>0</difficult>
		<bndbox>
			<xmin>61</xmin>
			<ymin>210</ymin>
			<xmax>88</xmax>
			<ymax>226</ymax>
		</bndbox>
	</object>
	<object>
		<name>Earlyblight</name>
		<pose>Unspecified</pose>
		<truncated>0</truncated>
		<difficult>0</difficult>
		<bndbox>
			<xmin>39</xmin>
			<ymin>199</ymin>
			<xmax>59</xmax>
			<ymax>210</ymax>
		</bndbox>
	</object>
	<object>
		<name>Earlyblight</name>
		<pose>Unspecified</pose>
		<truncated>0</truncated>
		<difficult>0</difficult>
		<bndbox>
			<xmin>192</xmin>
			<ymin>115</ymin>
			<xmax>216</xmax>
			<ymax>129</ymax>
		</bndbox>
	</object>
	<object>
		<name>Earlyblight</name>
		<pose>Unspecified</pose>
		<truncated>0</truncated>
		<difficult>0</difficult>
		<bndbox>
			<xmin>129</xmin>
			<ymin>95</ymin>
			<xmax>146</xmax>
			<ymax>109</ymax>
		</bndbox>
	</object>
</annotation>
