<annotation>
	<folder>1000Earlyblight早疫病 - 副本</folder>
	<filename>1537.JPG</filename>
	<path>C:\Users\13007\Desktop\1000Earlyblight早疫病 - 副本\1537.JPG</path>
	<source>
		<database>Unknown</database>
	</source>
	<size>
		<width>256</width>
		<height>256</height>
		<depth>3</depth>
	</size>
	<segmented>0</segmented>
	<object>
		<name>Earlyblight</name>
		<pose>Unspecified</pose>
		<truncated>0</truncated>
		<difficult>0</difficult>
		<bndbox>
			<xmin>41</xmin>
			<ymin>174</ymin>
			<xmax>69</xmax>
			<ymax>185</ymax>
		</bndbox>
	</object>
	<object>
		<name>Earlyblight</name>
		<pose>Unspecified</pose>
		<truncated>0</truncated>
		<difficult>0</difficult>
		<bndbox>
			<xmin>58</xmin>
			<ymin>193</ymin>
			<xmax>80</xmax>
			<ymax>204</ymax>
		</bndbox>
	</object>
	<object>
		<name>Earlyblight</name>
		<pose>Unspecified</pose>
		<truncated>0</truncated>
		<difficult>0</difficult>
		<bndbox>
			<xmin>127</xmin>
			<ymin>172</ymin>
			<xmax>176</xmax>
			<ymax>194</ymax>
		</bndbox>
	</object>
	<object>
		<name>Earlyblight</name>
		<pose>Unspecified</pose>
		<truncated>0</truncated>
		<difficult>0</difficult>
		<bndbox>
			<xmin>145</xmin>
			<ymin>139</ymin>
			<xmax>163</xmax>
			<ymax>150</ymax>
		</bndbox>
	</object>
	<object>
		<name>Earlyblight</name>
		<pose>Unspecified</pose>
		<truncated>0</truncated>
		<difficult>0</difficult>
		<bndbox>
			<xmin>180</xmin>
			<ymin>99</ymin>
			<xmax>201</xmax>
			<ymax>144</ymax>
		</bndbox>
	</object>
	<object>
		<name>Earlyblight</name>
		<pose>Unspecified</pose>
		<truncated>0</truncated>
		<difficult>0</difficult>
		<bndbox>
			<xmin>90</xmin>
			<ymin>80</ymin>
			<xmax>137</xmax>
			<ymax>109</ymax>
		</bndbox>
	</object>
	<object>
		<name>Earlyblight</name>
		<pose>Unspecified</pose>
		<truncated>0</truncated>
		<difficult>0</difficult>
		<bndbox>
			<xmin>146</xmin>
			<ymin>93</ymin>
			<xmax>167</xmax>
			<ymax>101</ymax>
		</bndbox>
	</object>
	<object>
		<name>Earlyblight</name>
		<pose>Unspecified</pose>
		<truncated>0</truncated>
		<difficult>0</difficult>
		<bndbox>
			<xmin>186</xmin>
			<ymin>49</ymin>
			<xmax>201</xmax>
			<ymax>98</ymax>
		</bndbox>
	</object>
	<object>
		<name>Earlyblight</name>
		<pose>Unspecified</pose>
		<truncated>0</truncated>
		<difficult>0</difficult>
		<bndbox>
			<xmin>153</xmin>
			<ymin>55</ymin>
			<xmax>180</xmax>
			<ymax>64</ymax>
		</bndbox>
	</object>
	<object>
		<name>Earlyblight</name>
		<pose>Unspecified</pose>
		<truncated>0</truncated>
		<difficult>0</difficult>
		<bndbox>
			<xmin>147</xmin>
			<ymin>110</ymin>
			<xmax>158</xmax>
			<ymax>131</ymax>
		</bndbox>
	</object>
	<object>
		<name>Earlyblight</name>
		<pose>Unspecified</pose>
		<truncated>0</truncated>
		<difficult>0</difficult>
		<bndbox>
			<xmin>40</xmin>
			<ymin>150</ymin>
			<xmax>50</xmax>
			<ymax>156</ymax>
		</bndbox>
	</object>
	<object>
		<name>Earlyblight</name>
		<pose>Unspecified</pose>
		<truncated>0</truncated>
		<difficult>0</difficult>
		<bndbox>
			<xmin>67</xmin>
			<ymin>101</ymin>
			<xmax>94</xmax>
			<ymax>119</ymax>
		</bndbox>
	</object>
	<object>
		<name>Earlyblight</name>
		<pose>Unspecified</pose>
		<truncated>0</truncated>
		<difficult>0</difficult>
		<bndbox>
			<xmin>96</xmin>
			<ymin>110</ymin>
			<xmax>119</xmax>
			<ymax>130</ymax>
		</bndbox>
	</object>
	<object>
		<name>Earlyblight</name>
		<pose>Unspecified</pose>
		<truncated>0</truncated>
		<difficult>0</difficult>
		<bndbox>
			<xmin>101</xmin>
			<ymin>59</ymin>
			<xmax>141</xmax>
			<ymax>81</ymax>
		</bndbox>
	</object>
	<object>
		<name>Earlyblight</name>
		<pose>Unspecified</pose>
		<truncated>0</truncated>
		<difficult>0</difficult>
		<bndbox>
			<xmin>133</xmin>
			<ymin>37</ymin>
			<xmax>146</xmax>
			<ymax>53</ymax>
		</bndbox>
	</object>
	<object>
		<name>Earlyblight</name>
		<pose>Unspecified</pose>
		<truncated>0</truncated>
		<difficult>0</difficult>
		<bndbox>
			<xmin>170</xmin>
			<ymin>44</ymin>
			<xmax>181</xmax>
			<ymax>54</ymax>
		</bndbox>
	</object>
	<object>
		<name>Earlyblight</name>
		<pose>Unspecified</pose>
		<truncated>0</truncated>
		<difficult>0</difficult>
		<bndbox>
			<xmin>180</xmin>
			<ymin>34</ymin>
			<xmax>191</xmax>
			<ymax>43</ymax>
		</bndbox>
	</object>
</annotation>
