<annotation>
	<folder>1000Earlyblight早疫病 - 副本</folder>
	<filename>1566.JPG</filename>
	<path>C:\Users\13007\Desktop\1000Earlyblight早疫病 - 副本\1566.JPG</path>
	<source>
		<database>Unknown</database>
	</source>
	<size>
		<width>256</width>
		<height>256</height>
		<depth>3</depth>
	</size>
	<segmented>0</segmented>
	<object>
		<name>Earlyblight</name>
		<pose>Unspecified</pose>
		<truncated>0</truncated>
		<difficult>0</difficult>
		<bndbox>
			<xmin>94</xmin>
			<ymin>103</ymin>
			<xmax>110</xmax>
			<ymax>134</ymax>
		</bndbox>
	</object>
	<object>
		<name>Earlyblight</name>
		<pose>Unspecified</pose>
		<truncated>0</truncated>
		<difficult>0</difficult>
		<bndbox>
			<xmin>109</xmin>
			<ymin>141</ymin>
			<xmax>115</xmax>
			<ymax>148</ymax>
		</bndbox>
	</object>
	<object>
		<name>Earlyblight</name>
		<pose>Unspecified</pose>
		<truncated>0</truncated>
		<difficult>0</difficult>
		<bndbox>
			<xmin>136</xmin>
			<ymin>135</ymin>
			<xmax>153</xmax>
			<ymax>143</ymax>
		</bndbox>
	</object>
	<object>
		<name>Earlyblight</name>
		<pose>Unspecified</pose>
		<truncated>0</truncated>
		<difficult>0</difficult>
		<bndbox>
			<xmin>136</xmin>
			<ymin>172</ymin>
			<xmax>168</xmax>
			<ymax>182</ymax>
		</bndbox>
	</object>
	<object>
		<name>Earlyblight</name>
		<pose>Unspecified</pose>
		<truncated>0</truncated>
		<difficult>0</difficult>
		<bndbox>
			<xmin>83</xmin>
			<ymin>35</ymin>
			<xmax>95</xmax>
			<ymax>45</ymax>
		</bndbox>
	</object>
	<object>
		<name>Earlyblight</name>
		<pose>Unspecified</pose>
		<truncated>0</truncated>
		<difficult>0</difficult>
		<bndbox>
			<xmin>64</xmin>
			<ymin>139</ymin>
			<xmax>79</xmax>
			<ymax>147</ymax>
		</bndbox>
	</object>
	<object>
		<name>Earlyblight</name>
		<pose>Unspecified</pose>
		<truncated>0</truncated>
		<difficult>0</difficult>
		<bndbox>
			<xmin>74</xmin>
			<ymin>52</ymin>
			<xmax>82</xmax>
			<ymax>58</ymax>
		</bndbox>
	</object>
	<object>
		<name>Earlyblight</name>
		<pose>Unspecified</pose>
		<truncated>0</truncated>
		<difficult>0</difficult>
		<bndbox>
			<xmin>73</xmin>
			<ymin>157</ymin>
			<xmax>89</xmax>
			<ymax>164</ymax>
		</bndbox>
	</object>
</annotation>
