<annotation>
	<folder>1000Earlyblight早疫病 - 副本</folder>
	<filename>1622.JPG</filename>
	<path>C:\Users\13007\Desktop\1000Earlyblight早疫病 - 副本\1622.JPG</path>
	<source>
		<database>Unknown</database>
	</source>
	<size>
		<width>256</width>
		<height>256</height>
		<depth>3</depth>
	</size>
	<segmented>0</segmented>
	<object>
		<name>Earlyblight</name>
		<pose>Unspecified</pose>
		<truncated>0</truncated>
		<difficult>0</difficult>
		<bndbox>
			<xmin>107</xmin>
			<ymin>62</ymin>
			<xmax>125</xmax>
			<ymax>80</ymax>
		</bndbox>
	</object>
	<object>
		<name>Earlyblight</name>
		<pose>Unspecified</pose>
		<truncated>0</truncated>
		<difficult>0</difficult>
		<bndbox>
			<xmin>81</xmin>
			<ymin>55</ymin>
			<xmax>94</xmax>
			<ymax>66</ymax>
		</bndbox>
	</object>
	<object>
		<name>Earlyblight</name>
		<pose>Unspecified</pose>
		<truncated>0</truncated>
		<difficult>0</difficult>
		<bndbox>
			<xmin>75</xmin>
			<ymin>43</ymin>
			<xmax>90</xmax>
			<ymax>49</ymax>
		</bndbox>
	</object>
	<object>
		<name>Earlyblight</name>
		<pose>Unspecified</pose>
		<truncated>0</truncated>
		<difficult>0</difficult>
		<bndbox>
			<xmin>150</xmin>
			<ymin>110</ymin>
			<xmax>169</xmax>
			<ymax>126</ymax>
		</bndbox>
	</object>
	<object>
		<name>Earlyblight</name>
		<pose>Unspecified</pose>
		<truncated>0</truncated>
		<difficult>0</difficult>
		<bndbox>
			<xmin>127</xmin>
			<ymin>85</ymin>
			<xmax>147</xmax>
			<ymax>92</ymax>
		</bndbox>
	</object>
	<object>
		<name>Earlyblight</name>
		<pose>Unspecified</pose>
		<truncated>0</truncated>
		<difficult>0</difficult>
		<bndbox>
			<xmin>181</xmin>
			<ymin>116</ymin>
			<xmax>198</xmax>
			<ymax>153</ymax>
		</bndbox>
	</object>
	<object>
		<name>Earlyblight</name>
		<pose>Unspecified</pose>
		<truncated>0</truncated>
		<difficult>0</difficult>
		<bndbox>
			<xmin>197</xmin>
			<ymin>153</ymin>
			<xmax>207</xmax>
			<ymax>169</ymax>
		</bndbox>
	</object>
	<object>
		<name>Earlyblight</name>
		<pose>Unspecified</pose>
		<truncated>0</truncated>
		<difficult>0</difficult>
		<bndbox>
			<xmin>178</xmin>
			<ymin>137</ymin>
			<xmax>186</xmax>
			<ymax>148</ymax>
		</bndbox>
	</object>
	<object>
		<name>Earlyblight</name>
		<pose>Unspecified</pose>
		<truncated>0</truncated>
		<difficult>0</difficult>
		<bndbox>
			<xmin>183</xmin>
			<ymin>194</ymin>
			<xmax>194</xmax>
			<ymax>203</ymax>
		</bndbox>
	</object>
	<object>
		<name>Earlyblight</name>
		<pose>Unspecified</pose>
		<truncated>0</truncated>
		<difficult>0</difficult>
		<bndbox>
			<xmin>168</xmin>
			<ymin>92</ymin>
			<xmax>180</xmax>
			<ymax>99</ymax>
		</bndbox>
	</object>
	<object>
		<name>Earlyblight</name>
		<pose>Unspecified</pose>
		<truncated>0</truncated>
		<difficult>0</difficult>
		<bndbox>
			<xmin>159</xmin>
			<ymin>180</ymin>
			<xmax>167</xmax>
			<ymax>184</ymax>
		</bndbox>
	</object>
	<object>
		<name>Earlyblight</name>
		<pose>Unspecified</pose>
		<truncated>0</truncated>
		<difficult>0</difficult>
		<bndbox>
			<xmin>153</xmin>
			<ymin>224</ymin>
			<xmax>163</xmax>
			<ymax>233</ymax>
		</bndbox>
	</object>
	<object>
		<name>Earlyblight</name>
		<pose>Unspecified</pose>
		<truncated>0</truncated>
		<difficult>0</difficult>
		<bndbox>
			<xmin>236</xmin>
			<ymin>162</ymin>
			<xmax>245</xmax>
			<ymax>179</ymax>
		</bndbox>
	</object>
	<object>
		<name>Earlyblight</name>
		<pose>Unspecified</pose>
		<truncated>0</truncated>
		<difficult>0</difficult>
		<bndbox>
			<xmin>240</xmin>
			<ymin>132</ymin>
			<xmax>249</xmax>
			<ymax>139</ymax>
		</bndbox>
	</object>
</annotation>
